ID,POS,Name,TM,Age,NAT,B,T
32906,SP,Sandy Alcantara,Miami,25,DOM,Right,Right
32688,SP,Tyler Alexander,Detroit,26,USA,Right,Left
33887,SP,Adbert Alzolay,Chicago,26,VEN,Right,Right
21368,SP,Brett Anderson,Milwaukee,33,USA,Left,Left
25637,SP,Ian Anderson,Atlanta,22,USA,Right,Right
29793,SP,Tyler Anderson,Pittsburgh,31,USA,Left,Left
83,SP,Tejay Antone,Cincinnati,27,USA,Right,Right
23901,SP,Chris Archer,Tampa Bay,32,USA,Right,Right
36338,SP,Kohei Arihara,Texas,28,JPN,Right,Right
22701,SP,Jake Arrieta,Chicago,35,USA,Right,Right
36574,SP,Michel Baez,San Diego,25,CUB,Right,Right
20100,SP,Brandon Bailey,Cincinnati,26,USA,Right,Right
29541,SP,Chris Bassitt,Oakland,32,USA,Right,Right
29427,SP,Trevor Bauer,Los Angeles,30,USA,Right,Right
29794,SP,Tyler Beede,San Francisco,27,USA,Right,Right
35771,SP,Jalen Beeks,Tampa Bay,27,USA,Left,Left
30715,SP,Jose Berrios,Minnesota,26,PUR,Right,Right
18966,SP,Shane Bieber,Cleveland,25,USA,Right,Right
32010,SP,Matthew Boyd,Detroit,30,USA,Left,Left
33055,SP,Steven Brault,Pittsburgh,28,USA,Left,Left
584,SP,JT Brubaker,Pittsburgh,27,USA,Right,Right
20875,SP,Walker Buehler,Los Angeles,26,USA,Right,Right
24105,SP,Madison Bumgarner,Arizona,31,USA,Right,Left
29428,SP,Dylan Bundy,Los Angeles,28,USA,Switch,Right
19150,SP,Brock Burke,Texas,24,USA,Left,Left
36852,SP,Corbin Burnes,Milwaukee,26,USA,Right,Right
20521,SP,Carlos Carrasco,New York,34,VEN,Right,Right
35135,SP,Luis Castillo,Cincinnati,28,DOM,Right,Right
1016,SP,Dylan Cease,Chicago,25,USA,Right,Right
21232,SP,Tyler Chatwood,Toronto,31,USA,Right,Right
34944,SP,Yonny Chirinos,Tampa Bay,27,VEN,Right,Right
20056,SP,Aaron Civale,Cleveland,25,USA,Right,Right
30255,SP,Mike Clevinger,San Diego,30,USA,Right,Right
24221,SP,Alex Cobb,Los Angeles,33,USA,Right,Right
20844,SP,Gerrit Cole,New York,30,USA,Right,Right
1611,SP,Edwar Colina,Minnesota,23,VEN,Right,Right
27927,SP,Patrick Corbin,Washington,31,USA,Left,Left
32174,SP,Wil Crowe,Pittsburgh,26,USA,Right,Right
18732,SP,Johnny Cueto,San Francisco,35,DOM,Right,Right
30345,SP,Yu Darvish,San Diego,34,JPN,Right,Right
30207,SP,Zach Davies,Chicago,28,USA,Right,Right
28467,SP,Jacob deGrom,New York,32,USA,Left,Right
30205,SP,Anthony DeSclafani,San Francisco,30,USA,Right,Right
26635,SP,Danny Duffy,Kansas City,32,USA,Left,Left
33351,SP,Dane Dunning,Texas,26,USA,Right,Right
30729,SP,Zach Eflin,Philadelphia,26,USA,Right,Right
27033,SP,Nathan Eovaldi,Boston,31,USA,Right,Right
20179,SP,Caleb Ferguson,Los Angeles,24,USA,Right,Left
24627,SP,Mike Fiers,Oakland,35,USA,Right,Right
1065,SP,Jack Flaherty,St. Louis,25,USA,Right,Right
37279,SP,Josh Fleming,Tampa Bay,24,USA,Right,Left
31447,SP,Chris Flexen,Seattle,26,USA,Right,Right
20132,SP,Bernardo Flores Jr.,St. Louis,25,USA,Left,Left
28822,SP,Mike Foltynewicz,Texas,29,USA,Right,Right
9,SP,Kyle Freeland,Colorado,27,USA,Left,Left
30629,SP,Max Fried,Atlanta,27,USA,Left,Left
167,SP,Zac Gallen,Arizona,25,USA,Right,Right
30150,SP,John Gant,St. Louis,28,USA,Right,Right
37719,SP,Luis Garcia,Houston,24,VEN,Right,Right
26858,SP,Rony Garcia,Detroit,23,DOM,Right,Right
30623,SP,Kevin Gausman,San Francisco,30,USA,Left,Right
31429,SP,Domingo German,New York,28,DOM,Right,Right
28221,SP,Kyle Gibson,Texas,33,USA,Right,Right
30619,SP,Lucas Giolito,Chicago,26,USA,Right,Right
30162,SP,Tyler Glasnow,Tampa Bay,27,USA,Left,Right
229,SP,Austin Gomber,Colorado,27,USA,Left,Left
31955,SP,Marco Gonzales,Seattle,29,USA,Left,Left
77,SP,Brusdar Graterol,Los Angeles,22,VEN,Right,Right
31857,SP,Jon Gray,Colorado,29,USA,Right,Right
21618,SP,Sonny Gray,Cincinnati,31,USA,Right,Right
18066,SP,Zack Greinke,Houston,37,USA,Right,Right
19156,SP,Jorge Guzman,Miami,25,DOM,Right,Right
18597,SP,J.A. Happ,Minnesota,38,USA,Left,Left
29133,SP,Matt Harvey,Baltimore,32,USA,Right,Right
25624,SP,Thomas Hatch,Toronto,26,USA,Right,Right
30662,SP,Andrew Heaney,Los Angeles,29,USA,Left,Left
30102,SP,Kyle Hendricks,Chicago,31,USA,Right,Right
34039,SP,Elieser Hernandez,Miami,25,VEN,Right,Right
18127,SP,Rich Hill,Tampa Bay,41,USA,Left,Left
10,SP,Jeff Hoffman,Cincinnati,28,USA,Right,Right
20678,SP,Tanner Houck,Boston,24,USA,Right,Right
29229,SP,Adrian Houser,Milwaukee,28,USA,Right,Right
33362,SP,Dakota Hudson,St. Louis,26,USA,Right,Right
19952,SP,Josh James,Houston,28,USA,Right,Right
529,SP,Cristian Javier,Houston,24,DOM,Right,Right
30200,SP,Jakob Junis,Kansas City,28,USA,Right,Right
20952,SP,James Kaprielian,Oakland,27,USA,Right,Right
33014,SP,Brad Keller,Kansas City,25,USA,Right,Right
1660,SP,Mitch Keller,Pittsburgh,24,USA,Right,Right
29095,SP,Merrill Kelly,Arizona,32,USA,Right,Right
18781,SP,Clayton Kershaw,Los Angeles,33,USA,Left,Left
24716,SP,Dallas Keuchel,Chicago,33,USA,Left,Left
34293,SP,Yusei Kikuchi,Seattle,29,JPN,Left,Left
34318,SP,Kwang Hyun Kim,St. Louis,32,KOR,Left,Left
22616,SP,Corey Kluber,New York,34,USA,Right,Right
20368,SP,Dean Kremer,Baltimore,25,USA,Right,Right
32141,SP,Chad Kuhl,Pittsburgh,28,USA,Right,Right
25629,SP,Peter Lambert,Colorado,23,USA,Right,Right
36612,SP,Dinelson Lamet,San Diego,28,DOM,Right,Right
18396,SP,Jon Lester,Washington,37,USA,Left,Left
29846,SP,Jorge Lopez,Baltimore,28,PUR,Right,Right
32524,SP,Pablo Lopez,Miami,25,VEN,Left,Right
31928,SP,Michael Lorenzen,Cincinnati,29,USA,Right,Right
19729,SP,Joey Lucchesi,New York,27,USA,Left,Left
26448,SP,Jesus Luzardo,Oakland,23,PER,Left,Left
26750,SP,Lance Lynn,Chicago,33,USA,Switch,Right
34291,SP,Kenta Maeda,Minnesota,32,JPN,Right,Right
32996,SP,Tyler Mahle,Cincinnati,26,USA,Right,Right
31875,SP,Sean Manaea,Oakland,29,USA,Right,Left
33745,SP,German Marquez,Colorado,26,VEN,Right,Right
34120,SP,Francis Martes,Houston,25,DOM,Right,Right
29157,SP,Carlos Martinez,St. Louis,29,DOM,Right,Right
28237,SP,Steven Matz,Toronto,29,USA,Right,Left
30621,SP,Lance McCullers Jr.,Houston,27,USA,Left,Right
23405,SP,Triston McKenzie,Cleveland,23,USA,Right,Right
233,SP,John Means,Baltimore,27,USA,Left,Left
28152,SP,Miles Mikolas,St. Louis,32,USA,Right,Right
26753,SP,Wade Miley,Cincinnati,34,USA,Left,Left
1773,SP,Tyson Miller,Chicago,25,USA,Right,Right
24816,SP,Mike Minor,Kansas City,33,USA,Right,Left
36707,SP,Casey Mize,Detroit,23,USA,Right,Right
31272,SP,Frankie Montas,Oakland,28,DOM,Right,Right
984,SP,Jordan Montgomery,New York,28,USA,Left,Left
22309,SP,Matt Moore,Philadelphia,31,USA,Left,Left
36573,SP,Adrian Morejon,San Diego,22,CUB,Left,Left
18809,SP,Charlie Morton,Atlanta,37,USA,Right,Right
31103,SP,Jose Mujica,Colorado,24,VEN,Right,Right
29260,SP,Joe Musgrove,San Diego,28,USA,Right,Right
18,SP,Aaron Nola,Philadelphia,27,USA,Right,Right
37006,SP,Dedniel Nunez,San Francisco,24,DOM,Right,Right
23747,SP,Jake Odorizzi,Houston,31,USA,Right,Right
34284,SP,Shohei Ohtani,Los Angeles,26,JPN,Left,Right
25239,SP,Chris Paddack,San Diego,25,USA,Right,Right
33478,SP,Joe Palumbo,Texas,26,USA,Left,Left
29134,SP,James Paxton,Seattle,32,CAN,Left,Left
37562,SP,Matt Peacock,Arizona,27,USA,Right,Right
23374,SP,Nate Pearson,Toronto,24,USA,Right,Right
30458,SP,Felix Pena,Los Angeles,31,DOM,Right,Right
35172,SP,Freddy Peralta,Milwaukee,24,DOM,Right,Right
27800,SP,Martin Perez,Boston,29,VEN,Left,Left
1392,SP,David Peterson,New York,25,USA,Left,Left
23778,SP,Michael Pineda,Minnesota,32,DOM,Right,Right
32035,SP,Nick Pivetta,Boston,28,CAN,Right,Right
25842,SP,Zach Plesac,Cleveland,26,USA,Right,Right
31882,SP,Adam Plutko,Baltimore,29,USA,Right,Right
36547,SP,Cody Ponce,Pittsburgh,26,USA,Right,Right
18902,SP,David Price,Los Angeles,35,USA,Left,Left
33026,SP,Austin Pruitt,Houston,31,USA,Right,Right
32079,SP,Cal Quantrill,Cleveland,26,CAN,Left,Right
28937,SP,Jose Quintana,Los Angeles,32,COL,Right,Left
28337,SP,Robbie Ray,Toronto,29,USA,Left,Left
1566,SP,Garrett Richards,Boston,32,USA,Right,Right
645,SP,Trevor Richards,Tampa Bay,27,USA,Right,Right
27769,SP,Tanner Roark,Toronto,34,USA,Right,Right
5,SP,Carlos Rodon,Chicago,28,USA,Left,Left
29378,SP,Eduardo Rodriguez,Boston,27,VEN,Left,Left
22201,SP,Trevor Rogers,Miami,23,USA,Left,Left
29796,SP,Joe Ross,Washington,27,USA,Right,Right
34331,SP,Hyun-jin Ryu,Toronto,34,KOR,Right,Left
28250,SP,Chris Sale,Boston,32,USA,Left,Left
28641,SP,Aaron Sanchez,San Francisco,28,USA,Right,Right
18853,SP,Max Scherzer,Washington,36,USA,Right,Right
1104,SP,Clarke Schmidt,New York,25,USA,Right,Right
32070,SP,Antonio Senzatela,Colorado,26,VEN,Right,Right
33686,SP,Luis Severino,New York,27,DOM,Right,Right
1009,SP,Justus Sheffield,Seattle,24,USA,Left,Left
27535,SP,Matt Shoemaker,Minnesota,34,USA,Right,Right
24169,SP,Brady Singer,Kansas City,24,USA,Right,Right
25311,SP,Tarik Skubal,Detroit,24,USA,Left,Left
32015,SP,Caleb Smith,Arizona,29,USA,Right,Left
29154,SP,Drew Smyly,Atlanta,31,USA,Left,Left
29452,SP,Blake Snell,San Diego,28,USA,Left,Left
20537,SP,Jose Soriano,Pittsburgh,22,DOM,Right,Right
23076,SP,Mike Soroka,Atlanta,23,CAN,Right,Right
31684,SP,Matt Strahm,San Diego,29,USA,Right,Left
24530,SP,Stephen Strasburg,Washington,32,USA,Right,Right
30864,SP,Ross Stripling,Toronto,31,USA,Right,Right
30642,SP,Marcus Stroman,New York,29,USA,Right,Right
34982,SP,Ranger Suarez,Philadelphia,25,VEN,Left,Left
28438,SP,Noah Syndergaard,New York,28,USA,Left,Right
28246,SP,Jameson Taillon,New York,29,USA,Right,Right
116,SP,Zach Thompson,Miami,27,USA,Right,Right
22841,SP,Josh Tomlin,Atlanta,36,USA,Right,Right
1012,SP,Touki Toussaint,Atlanta,24,USA,Right,Right
647,SP,Spencer Turnbull,Detroit,28,USA,Right,Right
30341,SP,Jose Urena,Detroit,29,DOM,Right,Right
32310,SP,Julio Urias,Los Angeles,24,MEX,Left,Left
6289,SP,Jose Urquidy,Houston,25,MEX,Right,Right
374,SP,Framber Valdez,Houston,27,DOM,Left,Left
18159,SP,Justin Verlander,Houston,38,USA,Right,Right
18199,SP,Adam Wainwright,St. Louis,39,USA,Right,Right
28945,SP,Taijuan Walker,New York,28,USA,Right,Right
36,SP,Luke Weaver,Arizona,27,USA,Right,Right
1706,SP,Logan Webb,San Francisco,24,USA,Right,Right
28219,SP,Zack Wheeler,Philadelphia,30,USA,Left,Right
31926,SP,Trevor Williams,Chicago,28,USA,Right,Right
30731,SP,Alex Wood,San Francisco,30,USA,Right,Left
595,SP,Brandon Woodruff,Milwaukee,28,USA,Left,Right
33210,SP,Ryan Yarbrough,Tampa Bay,29,USA,Right,Left
35359,RP,Bryan Abreu,Houston,23,DOM,Right,Right
29141,RP,Jason Adam,Chicago,29,USA,Right,Right
30736,RP,Austin Adams,San Diego,29,USA,Right,Right
28694,RP,Scott Alexander,Los Angeles,31,USA,Left,Left
22990,RP,Logan Allen,Cleveland,23,USA,Right,Left
298,RP,Dan Altavilla,San Diego,28,USA,Right,Right
34939,RP,Jose Alvarado,Philadelphia,25,VEN,Left,Left
24146,RP,Jose Alvarez,San Francisco,31,VEN,Left,Left
21880,RP,Nick Anderson,Tampa Bay,30,USA,Right,Right
30029,RP,Matt Andriese,Boston,31,USA,Right,Right
33569,RP,Victor Arano,Atlanta,26,MEX,Right,Right
30241,RP,Shawn Armstrong,Baltimore,30,USA,Right,Right
27590,RP,Luis Avilan,Washington,31,VEN,Left,Left
23349,RP,Pedro Baez,Houston,33,DOM,Right,Right
31204,RP,Luke Bard,Los Angeles,30,USA,Right,Right
29662,RP,Jacob Barnes,New York,30,USA,Right,Right
30220,RP,Matt Barnes,Boston,30,USA,Right,Right
32952,RP,Jaime Barria,Los Angeles,24,PAN,Right,Right
27264,RP,Anthony Bass,Miami,33,USA,Right,Right
346,RP,Eduard Bazardo,Boston,25,VEN,Right,Right
1728,RP,David Bednar,Pittsburgh,26,USA,Left,Right
28346,RP,Cam Bedrosian,Cincinnati,29,USA,Right,Right
36875,RP,Anthony Bender,Miami,26,USA,Right,Right
127,RP,Wes Benjamin,Texas,27,USA,Right,Left
32108,RP,Phil Bickford,Milwaukee,25,USA,Right,Right
1488,RP,Brandon Bielak,Houston,24,USA,Left,Right
27796,RP,Richard Bleier,Miami,33,USA,Left,Left
31030,RP,Ryan Borucki,Toronto,26,USA,Left,Left
26098,RP,Ben Bowden,Colorado,26,USA,Left,Left
28190,RP,Brad Boxberger,Milwaukee,32,USA,Right,Right
29668,RP,Archie Bradley,Philadelphia,28,USA,Right,Right
23609,RP,Ryan Brasier,Boston,33,USA,Right,Right
30271,RP,John Brebbia,San Francisco,30,USA,Left,Right
378,RP,Jeff Brigham,Miami,29,USA,Right,Right
23801,RP,Zack Britton,New York,33,USA,Left,Left
24854,RP,Rex Brothers,Chicago,33,USA,Left,Left
179,RP,Aaron Bummer,Chicago,27,USA,Left,Left
22614,RP,Matt Bush,Texas,35,USA,Right,Right
35541,RP,Genesis Cabrera,St. Louis,24,DOM,Left,Left
22479,RP,Trevor Cahill,Pittsburgh,33,USA,Right,Right
1537,RP,Paul Campbell,Miami,25,USA,Left,Right
1375,RP,Humberto Castellanos,Arizona,22,MEX,Right,Right
31527,RP,Jose Castillo,San Diego,25,VEN,Left,Left
34003,RP,Anthony Castro,Toronto,25,VEN,Right,Right
33750,RP,Miguel Castro,New York,26,DOM,Right,Right
477,RP,Blake Cederlind,Pittsburgh,25,USA,Right,Right
30368,RP,Luis Cessa,New York,28,MEX,Right,Right
24070,RP,Jhoulys Chacin,Colorado,33,VEN,Right,Right
30261,RP,Andrew Chafin,Chicago,30,USA,Right,Left
24512,RP,Aroldis Chapman,New York,33,CUB,Left,Left
33024,RP,Adam Cimber,Miami,30,USA,Right,Right
24032,RP,Steve Cishek,Los Angeles,34,USA,Right,Right
24696,RP,Jose Cisnero,Detroit,31,DOM,Right,Right
517,RP,Taylor Clarke,Arizona,27,USA,Right,Right
28864,RP,Alex Claudio,Los Angeles,29,PUR,Left,Left
18558,RP,Tyler Clippard,Arizona,36,USA,Right,Right
21000,RP,Kyle Cody,Texas,26,USA,Right,Right
27645,RP,Alex Colome,Minnesota,32,DOM,Right,Right
32,RP,Sam Coonrod,Philadelphia,28,USA,Right,Right
33044,RP,Jimmy Cordero,Chicago,29,DOM,Right,Right
33366,RP,Nestor Cortes,New York,26,CUB,Right,Left
32185,RP,Stefan Crichton,Arizona,29,USA,Right,Right
30048,RP,Kyle Crick,Pittsburgh,28,USA,Left,Right
34797,RP,Nabil Crismatt,San Diego,26,COL,Right,Right
35664,RP,Austin Davis,Pittsburgh,28,USA,Left,Left
22111,RP,Wade Davis,Kansas City,35,USA,Right,Right
37629,RP,Brett De Geus,Texas,23,USA,Right,Right
31907,RP,Jose De Leon,Cincinnati,28,PUR,Right,Right
25861,RP,Ethan DeCaster,Detroit,26,USA,Right,Right
18674,RP,Ross Detwiler,Miami,35,USA,Right,Left
30304,RP,Jairo Diaz,Colorado,29,VEN,Right,Right
23155,RP,Jake Diekman,Oakland,34,USA,Left,Left
27889,RP,Rafael Dolis,Toronto,33,DOM,Right,Right
34999,RP,Seranthony Dominguez,Philadelphia,26,DOM,Right,Right
22492,RP,Sean Doolittle,Cincinnati,34,USA,Left,Left
27850,RP,Oliver Drake,Tampa Bay,34,USA,Right,Right
31632,RP,Tyler Duffey,Minnesota,30,USA,Right,Right
20488,RP,Robert Dugger,Seattle,25,USA,Right,Right
22834,RP,Paolo Espino,Washington,34,PAN,Right,Right
33662,RP,Carlos Estevez,Colorado,28,DOM,Right,Right
102,RP,DeMarcus Evans,Texas,24,USA,Right,Right
21741,RP,Pete Fairbanks,Tampa Bay,27,USA,Right,Right
27756,RP,Jeurys Familia,New York,31,DOM,Right,Right
31850,RP,Buck Farmer,Detroit,30,USA,Left,Right
33,RP,Erick Fedde,Washington,28,USA,Right,Right
29224,RP,Michael Feliz,Pittsburgh,27,DOM,Right,Right
31877,RP,Kyle Finnegan,Washington,29,USA,Right,Right
31558,RP,Dylan Floro,Miami,30,USA,Left,Right
36869,RP,Matt Foster,Chicago,26,USA,Right,Right
25,RP,Jace Fry,Chicago,27,USA,Left,Left
33157,RP,Paul Fry,Baltimore,28,USA,Left,Left
20881,RP,Carson Fulmer,Cincinnati,27,USA,Right,Right
20882,RP,Kyle Funkhouser,Detroit,27,USA,Right,Right
31806,RP,Giovanny Gallegos,St. Louis,29,MEX,Right,Right
19772,RP,Bryan Garcia,Detroit,25,USA,Right,Right
31427,RP,Jarlin Garcia,San Francisco,28,DOM,Left,Left
30282,RP,Amir Garrett,Cincinnati,28,USA,Right,Left
30363,RP,Ken Giles,Seattle,30,USA,Right,Right
36309,RP,Kevin Ginkel,Arizona,27,USA,Left,Right
26728,RP,Mychal Givens,Colorado,30,USA,Right,Right
20233,RP,Tony Gonsolin,Los Angeles,26,USA,Right,Right
33571,RP,Victor Gonzalez,Los Angeles,25,MEX,Left,Left
29883,RP,Robert Gsellman,New York,27,USA,Right,Right
31290,RP,Reymin Guduan,Oakland,29,DOM,Left,Left
32182,RP,Javy Guerra,San Diego,25,PAN,Left,Right
34530,RP,Junior Guerra,Los Angeles,36,VEN,Right,Right
28532,RP,Jesse Hahn,Kansas City,31,USA,Right,Right
24949,RP,David Hale,Philadelphia,33,USA,Right,Right
22431,RP,Will Harris,Washington,36,USA,Right,Right
32004,RP,Hunter Harvey,Baltimore,26,USA,Right,Right
19805,RP,Ryan Helsley,St. Louis,26,USA,Right,Right
28665,RP,Heath Hembree,Cincinnati,32,USA,Right,Right
21988,RP,Carlos Hernandez,Kansas City,24,VEN,Right,Right
35214,RP,Jonathan Hernandez,Texas,24,USA,Right,Right
38689,RP,Codi Heuer,Chicago,24,USA,Right,Right
36249,RP,Cam Hill,Cleveland,26,USA,Right,Right
23336,RP,Tim Hill,San Diego,31,USA,Right,Left
267,RP,Jonathan Holder,Chicago,27,USA,Right,Right
23650,RP,Derek Holland,Detroit,34,USA,Switch,Left
22807,RP,Greg Holland,Kansas City,35,USA,Right,Right
30287,RP,Clay Holmes,Pittsburgh,28,USA,Right,Right
27449,RP,Daniel Hudson,Washington,34,USA,Right,Right
20977,RP,Cole Irvin,Oakland,27,USA,Left,Left
29167,RP,Luke Jackson,Atlanta,29,USA,Right,Right
23348,RP,Kenley Jansen,Los Angeles,33,CUR,Switch,Right
30708,RP,Pierce Johnson,San Diego,29,USA,Right,Right
28980,RP,Tommy Kahnle,Los Angeles,31,USA,Right,Right
20515,RP,James Karinchak,Cleveland,25,USA,Right,Right
32786,RP,Anthony Kay,Toronto,26,USA,Left,Left
31544,RP,Keone Kela,San Diego,27,USA,Right,Right
28101,RP,Joe Kelly,Los Angeles,32,USA,Right,Right
18650,RP,Ian Kennedy,Texas,36,USA,Right,Right
25740,RP,Michael King,New York,25,USA,Right,Right
33140,RP,Tyler Kinley,Colorado,30,USA,Right,Right
28978,RP,Brandon Kintzler,Philadelphia,36,USA,Right,Right
30327,RP,Andrew Kittredge,Tampa Bay,31,USA,Right,Right
31985,RP,Corey Knebel,Los Angeles,29,USA,Right,Right
28762,RP,Adam Kolarek,Oakland,32,USA,Left,Left
1021,RP,Michael Kopech,Chicago,24,USA,Right,Right
33152,RP,Eric Lauer,Milwaukee,25,USA,Right,Left
18788,RP,Wade LeBlanc,Baltimore,36,USA,Left,Left
32619,RP,Jose Leclerc,Texas,27,DOM,Right,Right
33072,RP,Zack Littell,San Francisco,25,USA,Right,Right
35140,RP,Jonathan Loaisiga,New York,26,NCA,Right,Right
32606,RP,Reynaldo Lopez,Chicago,27,DOM,Right,Right
28051,RP,Aaron Loup,New York,33,USA,Left,Left
27632,RP,Lucas Luetge,New York,34,USA,Left,Left
29892,RP,Seth Lugo,New York,31,USA,Right,Right
22311,RP,Jordan Lyles,Texas,30,USA,Right,Right
30277,RP,Dillon Maples,Chicago,28,USA,Right,Right
29240,RP,Evan Marshall,Chicago,30,USA,Right,Right
35852,RP,Brett Martin,Texas,25,USA,Left,Left
30676,RP,Chris Martin,Atlanta,34,USA,Right,Right
19944,RP,Phil Maton,Cleveland,28,USA,Right,Right
28218,RP,Tyler Matzek,Atlanta,30,USA,Left,Left
20059,RP,Dustin May,Los Angeles,23,USA,Right,Right
27616,RP,Trevor May,New York,31,USA,Right,Right
31923,RP,Mike Mayers,Los Angeles,29,USA,Right,Right
33079,RP,Tim Mayza,Toronto,29,USA,Left,Left
27679,RP,Collin McHugh,Tampa Bay,33,USA,Right,Right
18304,RP,Andrew Miller,St. Louis,35,USA,Left,Left
27242,RP,Tommy Milone,Toronto,34,USA,Left,Left
20953,RP,A.J. Minter,Atlanta,27,USA,Left,Left
20892,RP,Anthony Misiewicz,Seattle,26,USA,Right,Left
29343,RP,Rafael Montero,Seattle,30,DOM,Right,Right
1819,RP,Andres Munoz,Seattle,22,MEX,Right,Right
32392,RP,Patrick Murphy,Toronto,25,USA,Right,Right
28707,RP,Jimmy Nelson,Los Angeles,31,USA,Right,Right
19734,RP,Nick Nelson,New York,25,USA,Right,Right
17,RP,Sean Newcomb,Atlanta,27,USA,Left,Left
30236,RP,Daniel Norris,Detroit,27,USA,Left,Left
18816,RP,Darren O'Day,New York,38,USA,Right,Right
31626,RP,Scott Oberg,Colorado,31,USA,Right,Right
33054,RP,Emilio Pagan,San Diego,29,USA,Left,Right
19160,RP,Enoli Paredes,Houston,25,DOM,Right,Right
23712,RP,Blake Parker,Cleveland,35,USA,Right,Right
32061,RP,Joel Payamps,Toronto,26,DOM,Right,Right
30558,RP,Wandy Peralta,San Francisco,29,DOM,Left,Left
17653,RP,Oliver Perez,Cleveland,39,MEX,Left,Left
18376,RP,Yusmeiro Petit,Oakland,36,VEN,Right,Right
26788,RP,David Phelps,Toronto,34,USA,Right,Right
21106,RP,Colin Poche,Tampa Bay,27,USA,Left,Left
28251,RP,Drew Pomeranz,San Diego,32,USA,Right,Left
1542,RP,Zach Pop,Miami,24,CAN,Right,Right
28193,RP,Brooks Raley,Houston,32,USA,Left,Left
33010,RP,Roel Ramirez,St. Louis,25,USA,Right,Right
20775,RP,Drew Rasmussen,Milwaukee,25,USA,Right,Right
1025,RP,Sean Reid-Foley,New York,25,GUM,Right,Right
32479,RP,Alex Reyes,St. Louis,26,USA,Right,Right
30146,RP,Hansel Robles,Minnesota,30,DOM,Right,Right
28990,RP,Joely Rodriguez,Texas,29,DOM,Left,Left
26625,RP,Chaz Roe,Tampa Bay,34,USA,Right,Right
33048,RP,Tyler Rogers,San Francisco,30,USA,Right,Right
1591,RP,JoJo Romero,Philadelphia,24,USA,Left,Left
18840,RP,Sergio Romo,Oakland,38,USA,Right,Right
28171,RP,Trevor Rosenthal,Oakland,30,USA,Right,Right
33714,RP,Jose Ruiz,Chicago,26,VEN,Right,Right
28524,RP,Casey Sadler,Seattle,30,USA,Right,Right
22797,RP,Patrick Sandoval,Los Angeles,24,USA,Left,Left
35492,RP,Edgar Santana,Pittsburgh,29,DOM,Right,Right
34276,RP,Hirokazu Sawamura,Boston,32,JPN,Right,Right
20893,RP,Josh Sborz,Texas,27,USA,Right,Right
21071,RP,Mac Sceroler,Baltimore,25,USA,Right,Right
1884,RP,John Schreiber,Boston,27,USA,Right,Right
25743,RP,Andre Scrubb,Houston,26,USA,Right,Right
31128,RP,Paul Sewald,Seattle,30,USA,Right,Right
26178,RP,Bryan Shaw,Cleveland,33,USA,Switch,Right
31901,RP,Jordan Sheffield,Colorado,25,USA,Right,Right
33669,RP,Aaron Slegers,Los Angeles,28,USA,Right,Right
1080,RP,Devin Smeltzer,Minnesota,25,USA,Right,Left
20906,RP,Drew Smith,New York,27,USA,Right,Right
18509,RP,Joe Smith,Houston,37,USA,Right,Right
21316,RP,Riley Smith,Arizona,26,USA,Right,Right
33992,RP,Gregory Soto,Detroit,26,DOM,Left,Left
33214,RP,Glenn Sparkman,Minnesota,28,USA,Right,Right
32700,RP,Gabe Speier,Kansas City,25,USA,Left,Left
305,RP,Jeffrey Springs,Tampa Bay,28,USA,Left,Left
22769,RP,Craig Stammen,San Diego,37,USA,Right,Right
31883,RP,Ryne Stanek,Houston,29,USA,Right,Right
23535,RP,Cody Stashak,Minnesota,26,USA,Right,Right
99,RP,Josh Staumont,Kansas City,27,USA,Right,Right
31120,RP,Drew Steckenrider,Seattle,30,USA,Right,Right
20497,RP,Trevor Stephan,Cleveland,25,USA,Right,Right
29798,RP,Robert Stephenson,Colorado,28,USA,Right,Right
24556,RP,Robert Stock,Chicago,31,USA,Left,Right
30707,RP,Chris Stratton,Pittsburgh,30,USA,Right,Right
32879,RP,Wander Suero,Washington,29,DOM,Right,Right
33269,RP,Cole Sulser,Baltimore,31,USA,Right,Right
30902,RP,Brent Suter,Milwaukee,31,USA,Left,Left
36060,RP,Erik Swanson,Seattle,27,USA,Right,Right
21114,RP,Dillon Tate,Baltimore,26,USA,Right,Right
32113,RP,Blake Taylor,Houston,25,USA,Left,Left
28050,RP,Ryan Tepera,Chicago,33,USA,Right,Right
30300,RP,Caleb Thielbar,Minnesota,34,USA,Right,Left
23594,RP,Ryan Thompson,Tampa Bay,28,USA,Right,Right
32296,RP,Lewis Thorpe,Minnesota,25,AUS,Right,Left
32199,RP,Justin Topa,Milwaukee,30,USA,Right,Right
32864,RP,Lou Trivino,Oakland,29,USA,Right,Right
30650,RP,Duane Underwood Jr.,Pittsburgh,26,USA,Right,Right
34475,RP,Cesar Valdez,Baltimore,36,DOM,Right,Right
32880,RP,Phillips Valdez,Boston,29,DOM,Right,Right
28824,RP,Vince Velasquez,Philadelphia,28,USA,Right,Right
23464,RP,Will Vest,Seattle,25,USA,Right,Right
31879,RP,Austin Voth,Washington,28,USA,Right,Right
30637,RP,Michael Wacha,Tampa Bay,29,USA,Right,Right
31917,RP,Bobby Wahl,Milwaukee,29,USA,Right,Right
1459,RP,Art Warren,Cincinnati,28,USA,Right,Right
22734,RP,Tony Watson,Los Angeles,35,USA,Left,Left
32237,RP,Tyler Webb,St. Louis,30,USA,Left,Left
20384,RP,Tyler Wells,Baltimore,26,USA,Right,Right
31273,RP,J.B. Wendelken,Oakland,28,USA,Right,Right
23509,RP,Garrett Whitlock,Boston,24,USA,Right,Right
30906,RP,Rowan Wick,Chicago,28,CAN,Left,Right
32210,RP,Taylor Widener,Arizona,26,USA,Left,Right
32024,RP,Devin Williams,Milwaukee,26,USA,Right,Right
32142,RP,Taylor Williams,San Diego,29,USA,Switch,Right
26947,RP,Justin Wilson,New York,33,USA,Left,Left
20901,RP,Trey Wingenter,San Diego,26,USA,Right,Right
30164,RP,Matt Wisler,San Francisco,28,USA,Right,Right
31121,RP,Nick Wittgren,Cleveland,29,USA,Right,Right
29014,RP,Brandon Workman,Chicago,32,USA,Right,Right
438,RP,Miguel Yajure,Pittsburgh,22,VEN,Right,Right
34287,RP,Shun Yamaguchi,San Francisco,33,JPN,Right,Right
34314,RP,Hyeon-jong Yang,Texas,33,KOR,Left,Left
33538,RP,Eric Yardley,Milwaukee,30,USA,Right,Right
28042,RP,Kirby Yates,Toronto,34,USA,Left,Right
35666,RP,Huascar Ynoa,Atlanta,22,DOM,Right,Right
20944,RP,Alex Young,Arizona,27,USA,Left,Left
30647,RP,Kyle Zimmer,Kansas City,29,USA,Right,Right
37330,RP,Bruce Zimmermann,Baltimore,26,USA,Left,Left
24148,CL,Daniel Bard,Colorado,35,USA,Right,Right
30189,CL,Scott Barlow,Kansas City,28,USA,Right,Right
35540,CL,Diego Castillo,Tampa Bay,27,DOM,Right,Right
31915,CL,Emmanuel Clase,Cleveland,23,DOM,Right,Right
30870,CL,Edwin Diaz,New York,27,PUR,Right,Right
29874,CL,Michael Fulmer,Detroit,28,USA,Right,Right
28582,CL,Yimi Garcia,Miami,30,DOM,Right,Right
32357,CL,Kendall Graveman,Seattle,30,USA,Right,Right
32029,CL,Chad Green,New York,29,USA,Left,Right
31260,CL,Josh Hader,Milwaukee,26,USA,Left,Left
21580,CL,Brad Hand,Washington,31,USA,Left,Left
32450,CL,Taylor Hearn,Texas,26,USA,Left,Left
27006,CL,Liam Hendriks,Chicago,32,AUS,Right,Right
24023,CL,Jordan Hicks,St. Louis,24,USA,Right,Right
34642,CL,Raisel Iglesias,Los Angeles,31,CUB,Right,Right
26743,CL,Craig Kimbrel,Chicago,32,USA,Right,Right
20715,CL,Jake McGee,San Francisco,34,USA,Left,Left
20618,CL,Mark Melancon,San Diego,36,USA,Right,Right
29194,CL,Hector Neris,Philadelphia,31,DOM,Right,Right
23049,CL,Adam Ottavino,Boston,35,USA,Switch,Right
27737,CL,Ryan Pressly,Houston,32,USA,Right,Right
31991,CL,A.J. Puk,Oakland,25,USA,Left,Left
30373,CL,Richard Rodriguez,Pittsburgh,31,DOM,Right,Right
31763,CL,Taylor Rogers,Minnesota,30,USA,Left,Left
36075,CL,Jordan Romano,Toronto,27,CAN,Right,Right
25666,CL,Tanner Scott,Baltimore,26,USA,Right,Left
30631,CL,Lucas Sims,Cincinnati,26,USA,Right,Right
27572,CL,Will Smith,Atlanta,31,USA,Right,Left
18513,CL,Joakim Soria,Arizona,36,MEX,Right,Right
29909,CL,Blake Treinen,Los Angeles,32,USA,Right,Right
26357,C,Jorge Alfaro,Miami,27,COL,Right,Right
31499,C,Willians Astudillo,Minnesota,29,VEN,Right,Right
27197,C,Alex Avila,Washington,34,USA,Left,Right
29749,C,Austin Barnes,Los Angeles,31,USA,Right,Right
28192,C,Tucker Barnhart,Cincinnati,30,USA,Left,Right
37135,C,Luis Campusano,San Diego,22,USA,Right,Right
32140,C,Victor Caratini,San Diego,27,PUR,Switch,Right
29716,C,Curt Casali,San Francisco,32,USA,Right,Right
21390,C,Jason Castro,Houston,33,USA,Left,Right
31967,C,Zack Collins,Chicago,26,USA,Left,Right
30324,C,Willson Contreras,Chicago,28,VEN,Right,Right
26554,C,Travis d'Arnaud,Atlanta,32,USA,Right,Right
28526,C,Elias Diaz,Colorado,30,VEN,Right,Right
30157,C,Cam Gallagher,Kansas City,28,USA,Right,Right
32082,C,Mitch Garver,Minnesota,30,USA,Right,Right
28035,C,Yan Gomes,Washington,33,BRA,Right,Right
29059,C,Yasmani Grandal,Chicago,32,CUB,Switch,Right
30028,C,Austin Hedges,Cleveland,28,USA,Right,Right
32406,C,Jonah Heim,Texas,25,USA,Switch,Right
31020,C,Tyler Heineman,St. Louis,29,USA,Switch,Right
27624,C,Kyle Higashioka,New York,30,USA,Right,Right
22638,C,P.J. Higgins,Chicago,27,USA,Right,Right
20157,C,Sam Huff,Texas,23,USA,Right,Right
1033,C,Alex Jackson,Atlanta,25,USA,Right,Right
33143,C,Danny Jansen,Toronto,25,USA,Right,Right
30661,C,Carson Kelly,Arizona,26,USA,Right,Right
32050,C,Andrew Knapp,Philadelphia,29,USA,Switch,Right
36663,C,Andrew Knizner,St. Louis,26,USA,Right,Right
20996,C,Martin Maldonado,Houston,34,PUR,Right,Right
29714,C,James McCann,New York,30,USA,Right,Right
31899,C,Reese McGuire,Toronto,26,USA,Left,Right
32279,C,Francisco Mejia,Tampa Bay,25,DOM,Switch,Right
32585,C,Yermin Mercedes,Chicago,28,DOM,Right,Right
17902,C,Yadier Molina,St. Louis,38,PUR,Right,Right
18952,C,Sean Murphy,Oakland,26,USA,Right,Right
30702,C,Tom Murphy,Seattle,29,USA,Right,Right
29458,C,Omar Narvaez,Milwaukee,29,VEN,Left,Right
31126,C,Tomas Nido,New York,26,USA,Right,Right
30876,C,Austin Nola,San Diego,31,USA,Right,Right
32974,C,Jacob Nottingham,Milwaukee,25,USA,Right,Right
32123,C,Dom Nunez,Colorado,26,USA,Left,Right
21095,C,Francisco Pena,Oakland,31,DOM,Right,Right
30262,C,Michael Perez,Pittsburgh,28,PUR,Left,Right
27589,C,Roberto Perez,Cleveland,32,PUR,Right,Right
27190,C,Salvador Perez,Kansas City,30,VEN,Right,Right
21126,C,Manny Pina,Milwaukee,33,VEN,Right,Right
30877,C,Kevin Plawecki,Boston,30,USA,Right,Right
21007,C,Buster Posey,San Francisco,34,USA,Right,Right
23226,C,Wilson Ramos,Detroit,33,VEN,Right,Right
28405,C,J.T. Realmuto,Philadelphia,30,USA,Right,Right
25398,C,Jake Rogers,Detroit,25,USA,Right,Right
24192,C,Austin Romine,Chicago,32,USA,Right,Right
28210,C,Gary Sanchez,New York,28,DOM,Right,Right
29362,C,Pedro Severino,Baltimore,27,DOM,Right,Right
32157,C,Chance Sisco,Baltimore,26,USA,Left,Right
29536,C,Kevan Smith,Tampa Bay,32,USA,Right,Right
20044,C,Will Smith,Los Angeles,26,USA,Right,Right
31148,C,Jacob Stallings,Pittsburgh,31,USA,Right,Right
27988,C,Max Stassi,Los Angeles,30,USA,Right,Right
24517,C,Tyler Stephenson,Cincinnati,24,USA,Right,Right
18581,C,Kurt Suzuki,Los Angeles,37,USA,Right,Right
31101,C,Luis Torrens,Seattle,24,VEN,Right,Right
35663,C,Jose Trevino,Texas,28,USA,Right,Right
37181,C,Daulton Varsho,Arizona,24,USA,Left,Right
27740,C,Christian Vazquez,Boston,30,PUR,Right,Right
24236,C,Stephen Vogt,Arizona,36,USA,Left,Right
32054,C,Chad Wallach,Miami,29,USA,Right,Right
30622,C,Mike Zunino,Tampa Bay,30,USA,Right,Right
34602,1B,Jose Abreu,Chicago,34,CUB,Right,Right
28960,1B,Jesus Aguilar,Miami,30,VEN,Right,Right
25630,1B,Pete Alonso,New York,26,USA,Right,Right
32997,1B,Jake Bauers,Cleveland,25,USA,Left,Left
29988,1B,Josh Bell,Washington,28,USA,Switch,Right
28263,1B,Brandon Belt,San Francisco,32,USA,Left,Left
18718,1B,Jay Bruce,New York,33,USA,Left,Left
19440,1B,Jake Burger,Chicago,24,USA,Right,Right
17729,1B,Miguel Cabrera,Detroit,37,VEN,Right,Right
1035,1B,Michael Chavis,Boston,25,USA,Right,Right
28693,1B,Ji-man Choi,Tampa Bay,29,KOR,Left,Right
32976,1B,Garrett Cooper,Miami,30,USA,Right,Right
29477,1B,C.J. Cron,Colorado,31,USA,Right,Right
25975,1B,Bobby Dalbec,Boston,25,USA,Right,Right
18734,1B,Chris Davis,Baltimore,35,USA,Left,Right
34585,1B,Yandy Diaz,Tampa Bay,29,CUB,Right,Right
26752,1B,Wilmer Flores,San Francisco,29,VEN,Right,Right
20982,1B,Ty France,Seattle,26,USA,Right,Right
24305,1B,Freddie Freeman,Atlanta,31,USA,Left,Right
26363,1B,Paul Goldschmidt,St. Louis,33,USA,Right,Right
36657,1B,Vladimir Guerrero Jr.,Toronto,22,CAN,Right,Right
34594,1B,Yuli Gurriel,Houston,36,CUB,Right,Right
30348,1B,Ronald Guzman,Texas,26,DOM,Left,Left
19579,1B,Keston Hiura,Milwaukee,24,USA,Right,Right
118,1B,Rhys Hoskins,Philadelphia,28,USA,Right,Right
21321,1B,Eric Hosmer,San Diego,31,USA,Left,Left
36860,1B,Nate Lowe,Texas,25,USA,Left,Right
24273,1B,Jose Martinez,New York,32,VEN,Right,Right
33361,1B,Ryan McBroom,Kansas City,28,USA,Right,Left
31867,1B,Colin Moran,Pittsburgh,28,USA,Left,Right
27776,1B,Mitch Moreland,Oakland,35,USA,Left,Left
22860,1B,Ryan Mountcastle,Baltimore,24,USA,Right,Right
30780,1B,Max Muncy,Los Angeles,30,USA,Left,Right
30809,1B,Matt Olson,Oakland,27,USA,Left,Right
13310,1B,Albert Pujols,Los Angeles,41,DOM,Right,Right
20936,1B,Edwin Rios,Los Angeles,26,PUR,Left,Right
24161,1B,Anthony Rizzo,Chicago,31,USA,Left,Left
28003,1B,Darin Ruf,San Francisco,34,USA,Right,Right
28214,1B,Miguel Sano,Minnesota,27,DOM,Right,Right
22581,1B,Carlos Santana,Kansas City,34,DOM,Switch,Right
29185,1B,Jonathan Schoop,Detroit,29,CUR,Right,Right
29519,1B,Travis Shaw,Milwaukee,30,USA,Left,Right
20198,1B,Pavin Smith,Arizona,25,USA,Left,Left
31900,1B,Rowdy Tellez,Toronto,26,USA,Left,Left
34286,1B,Yoshi Tsutsugo,Tampa Bay,29,JPN,Left,Right
30274,1B,Daniel Vogelbach,Milwaukee,28,USA,Left,Right
33240,1B,Luke Voit,New York,30,USA,Right,Right
18661,1B,Joey Votto,Cincinnati,37,CAN,Left,Right
31132,1B,Christian Walker,Arizona,30,USA,Right,Right
1304,1B,Evan White,Seattle,24,USA,Right,Left
27472,2B,Ehire Adrianza,Atlanta,31,VEN,Switch,Right
30329,2B,Hanser Alberto,Kansas City,28,DOM,Right,Right
32810,2B,Ozzie Albies,Atlanta,24,CUR,Switch,Right
26923,2B,Jose Altuve,Houston,30,VEN,Right,Right
32122,2B,Christian Arroyo,Boston,25,USA,Right,Right
31097,2B,Franklin Barreto,Los Angeles,25,VEN,Right,Right
30123,2B,Jon Berti,Miami,31,USA,Right,Right
30957,2B,David Bote,Chicago,27,USA,Right,Right
18625,2B,Asdrubal Cabrera,Arizona,35,VEN,Switch,Right
18261,2B,Robinson Cano,New York,38,DOM,Left,Right
31779,2B,Harold Castro,Detroit,27,VEN,Left,Right
26817,2B,Starlin Castro,Washington,31,DOM,Right,Right
1152,2B,Jazz Chisholm Jr.,Miami,23,BAH,Left,Right
22062,2B,Jake Cronenworth,San Diego,27,USA,Left,Right
30214,2B,Phillip Evans,Pittsburgh,28,USA,Right,Right
25698,2B,David Fletcher,Los Angeles,26,USA,Right,Right
31844,2B,Adam Frazier,Pittsburgh,29,USA,Left,Right
24538,2B,Ryan Goins,Atlanta,33,USA,Left,Right
23717,2B,Marwin Gonzalez,Boston,32,VEN,Switch,Right
22060,2B,Sam Haggerty,Seattle,26,USA,Switch,Right
22363,2B,Josh Harrison,Washington,33,USA,Right,Right
28060,2B,Cesar Hernandez,Cleveland,30,VEN,Switch,Right
24670,2B,Enrique Hernandez,Boston,29,PUR,Right,Right
22900,2B,Jonathan India,Cincinnati,24,USA,Right,Right
31925,2B,Tony Kemp,Oakland,29,USA,Left,Right
35576,2B,Ha-seong Kim,San Diego,25,KOR,Right,Right
29420,2B,Tommy La Stella,San Francisco,32,USA,Left,Right
24944,2B,DJ LeMahieu,New York,32,USA,Right,Right
33088,2B,Shed Long Jr.,Seattle,25,USA,Left,Right
22304,2B,Brandon Lowe,Tampa Bay,26,USA,Left,Right
18790,2B,Jed Lowrie,Oakland,36,USA,Switch,Right
26238,2B,Gavin Lux,Los Angeles,23,USA,Left,Right
23699,2B,Nick Madrigal,Chicago,24,USA,Right,Right
22349,2B,Mark Mathias,Milwaukee,26,USA,Right,Right
32756,2B,Jack Mayfield,Los Angeles,30,USA,Right,Right
21198,2B,Zach McKinstry,Los Angeles,25,USA,Left,Right
32007,2B,Ryan McMahon,Colorado,26,USA,Left,Right
32770,2B,Jeff McNeil,New York,28,USA,Left,Right
29058,2B,Whit Merrifield,Kansas City,32,USA,Right,Right
30069,2B,Brad Miller,Philadelphia,31,USA,Left,Right
36544,2B,Dylan Moore,Seattle,28,USA,Right,Right
30328,2B,Rougned Odor,Texas,27,VEN,Left,Right
29800,2B,Joe Panik,Toronto,30,USA,Left,Right
28574,2B,Jorge Polanco,Minnesota,27,DOM,Switch,Right
36913,2B,Jose Rojas,Los Angeles,28,USA,Left,Right
37441,2B,Josh Rojas,Arizona,26,USA,Left,Right
32425,2B,Amed Rosario,Cleveland,25,DOM,Right,Right
20988,2B,Max Schrock,Cincinnati,26,USA,Left,Right
29535,2B,Marcus Semien,Toronto,30,USA,Right,Right
22621,2B,Eric Sogard,Chicago,34,USA,Left,Right
25977,2B,Nick Solak,Texas,26,USA,Right,Right
20970,2B,Donovan Solano,San Francisco,33,COL,Right,Right
31059,2B,Edmundo Sosa,St. Louis,25,PAN,Right,Right
30873,2B,Chris Taylor,Los Angeles,30,USA,Right,Right
29066,2B,Ronald Torreyes,Philadelphia,28,VEN,Right,Right
34546,2B,Ramon Urias,Baltimore,26,MEX,Right,Right
32044,2B,Josh VanMeter,Arizona,26,USA,Left,Right
28008,2B,Jonathan Villar,New York,29,DOM,Switch,Right
32941,2B,Tyler Wade,New York,26,USA,Left,Right
21693,2B,Donovan Walton,Seattle,26,USA,Left,Right
31113,2B,Joey Wendle,Tampa Bay,30,USA,Left,Right
32031,2B,Stevie Wilkerson,Baltimore,29,USA,Switch,Right
29236,2B,Kolten Wong,Milwaukee,30,USA,Left,Right
67,3B,Brian Anderson,Miami,27,USA,Right,Right
30506,3B,Miguel Andujar,New York,26,DOM,Right,Right
24830,3B,Nolan Arenado,St. Louis,29,USA,Right,Right
685,3B,Matt Beaty,Los Angeles,27,USA,Left,Right
31906,3B,Cavan Biggio,Toronto,25,USA,Left,Right
36712,3B,Alec Bohm,Philadelphia,24,USA,Right,Right
20876,3B,Alex Bregman,Houston,27,USA,Right,Right
21907,3B,Mike Brosseau,Tampa Bay,27,USA,Right,Right
31842,3B,Kris Bryant,Chicago,29,USA,Right,Right
30493,3B,Jeimer Candelario,Detroit,27,USA,Switch,Right
24560,3B,Matt Carpenter,St. Louis,35,USA,Left,Right
55,3B,Matt Chapman,Oakland,27,USA,Right,Right
24121,3B,Charlie Culberson,Texas,31,USA,Right,Right
28,3B,J.D. Davis,New York,27,USA,Right,Right
32631,3B,Rafael Devers,Boston,24,DOM,Left,Right
23714,3B,Josh Donaldson,Minnesota,35,USA,Right,Right
32019,3B,Hunter Dozier,Kansas City,29,USA,Right,Right
31363,3B,Matt Duffy,Chicago,30,USA,Right,Right
22033,3B,Eduardo Escobar,Arizona,32,VEN,Switch,Right
23385,3B,Todd Frazier,Pittsburgh,35,USA,Right,Right
35871,3B,Joshua Fuentes,Colorado,28,USA,Right,Right
22913,3B,Ke'Bryan Hayes,Pittsburgh,24,USA,Right,Right
28007,3B,Brock Holt,Texas,32,USA,Left,Right
26539,3B,Carter Kieboom,Washington,23,USA,Right,Right
30970,3B,Jake Lamb,Chicago,30,USA,Left,Right
18911,3B,Evan Longoria,San Francisco,35,USA,Right,Right
28252,3B,Manny Machado,San Diego,28,USA,Right,Right
34650,3B,Yoan Moncada,Chicago,25,CUB,Switch,Right
23586,3B,Mike Moustakas,Cincinnati,32,USA,Left,Right
30027,3B,Jace Peterson,Milwaukee,30,USA,Left,Right
30429,3B,Jose Ramirez,Cleveland,28,DOM,Switch,Right
29430,3B,Anthony Rendon,Los Angeles,30,USA,Right,Right
22819,3B,Austin Riley,Atlanta,23,USA,Right,Right
30651,3B,Rio Ruiz,Baltimore,26,USA,Left,Right
18851,3B,Pablo Sandoval,Atlanta,34,VEN,Switch,Right
24568,3B,Kyle Seager,Seattle,33,USA,Left,Right
27545,3B,Jean Segura,Philadelphia,31,DOM,Right,Right
29202,3B,Eugenio Suarez,Cincinnati,29,VEN,Right,Right
20092,3B,Abraham Toro,Houston,24,CAN,Switch,Right
26621,3B,Justin Turner,Los Angeles,36,USA,Right,Right
24863,3B,Gio Urshela,New York,29,COL,Right,Right
32284,SS,Willy Adames,Tampa Bay,25,DOM,Right,Right
29415,SS,Nick Ahmed,Arizona,31,USA,Right,Right
32051,SS,Tim Anderson,Chicago,27,USA,Right,Right
22316,SS,Elvis Andrus,Oakland,32,VEN,Right,Right
30695,SS,Orlando Arcia,Milwaukee,26,VEN,Right,Right
29696,SS,Javier Baez,Chicago,28,PUR,Right,Right
37052,SS,Jose Barrero,Cincinnati,22,CUB,Right,Right
26137,SS,Bo Bichette,Toronto,23,USA,Right,Right
29148,SS,Xander Bogaerts,Boston,28,ARU,Right,Right
33705,SS,Malquin Canelo,Baltimore,26,DOM,Right,Right
33635,SS,Ivan Castillo,San Diego,25,DOM,Switch,Right
32701,SS,Willi Castro,Detroit,23,PUR,Switch,Right
30633,SS,Carlos Correa,Houston,26,PUR,Right,Right
27501,SS,Brandon Crawford,San Francisco,34,USA,Left,Right
31905,SS,J.P. Crawford,Seattle,26,USA,Left,Right
35842,SS,Paul DeJong,St. Louis,27,USA,Right,Right
34581,SS,Aledmys Diaz,Houston,30,CUB,Right,Right
32255,SS,Kyle Farmer,Cincinnati,30,USA,Right,Right
25937,SS,Freddy Galvis,Baltimore,31,VEN,Switch,Right
20335,SS,Andres Gimenez,Cleveland,22,VEN,Left,Right
30427,SS,Erik Gonzalez,Pittsburgh,29,DOM,Right,Right
1048,SS,Nick Gordon,Minnesota,25,USA,Left,Right
27723,SS,Didi Gregorius,Philadelphia,31,NED,Left,Right
32400,SS,Luis Guillorme,New York,26,USA,Left,Right
33277,SS,Garrett Hampson,Colorado,26,USA,Right,Right
24090,SS,Jose Iglesias,Los Angeles,31,CUB,Right,Right
32944,SS,Isiah Kiner-Falefa,Texas,26,USA,Right,Right
29694,SS,Francisco Lindor,New York,27,PUR,Switch,Right
20095,SS,Nicky Lopez,Kansas City,26,USA,Left,Right
21579,SS,Jordy Mercer,Washington,34,USA,Right,Right
30503,SS,Adalberto Mondesi,Kansas City,25,USA,Switch,Right
21955,SS,Kevin Newman,Pittsburgh,27,USA,Right,Right
22822,SS,Brendan Rodgers,Colorado,24,USA,Right,Right
27239,SS,Miguel Rojas,Miami,32,VEN,Right,Right
30665,SS,Corey Seager,Los Angeles,26,USA,Left,Right
20462,SS,Zack Short,Detroit,25,USA,Right,Right
28398,SS,Andrelton Simmons,Minnesota,31,CUR,Right,Right
29646,SS,Trevor Story,Colorado,28,USA,Right,Right
20947,SS,Dansby Swanson,Atlanta,27,USA,Right,Right
221,SS,Fernando Tatis Jr.,San Diego,22,DOM,Right,Right
32604,SS,Gleyber Torres,New York,24,VEN,Right,Right
15,SS,Trea Turner,Washington,27,USA,Right,Right
34722,SS,Luis Urias,Milwaukee,23,MEX,Right,Right
35618,LF,Yordan Alvarez,Houston,23,CUB,Left,Right
34943,LF,Randy Arozarena,Tampa Bay,26,CUB,Right,Right
35420,LF,Luis Arraez,Minnesota,23,VEN,Left,Right
33315,LF,Andrew Benintendi,Kansas City,26,USA,Left,Left
21001,LF,Michael Brantley,Houston,33,USA,Left,Left
30657,LF,Lewis Brinson,Miami,26,USA,Right,Right
32171,LF,Willie Calhoun,Texas,26,USA,Left,Right
33715,LF,Franchy Cordero,Boston,26,DOM,Left,Right
30632,LF,David Dahl,Texas,26,USA,Left,Right
33122,LF,Jonathan Davis,Toronto,28,USA,Right,Right
20807,LF,Ian Desmond,Colorado,35,USA,Right,Right
29989,LF,Alex Dickerson,San Francisco,30,USA,Left,Left
28731,LF,Corey Dickerson,Miami,31,USA,Left,Right
31873,LF,Clint Frazier,New York,26,USA,Right,Right
28916,LF,Ben Gamel,Cleveland,28,USA,Left,Left
18754,LF,Brett Gardner,New York,37,USA,Left,Left
23201,LF,Robbie Grossman,Detroit,31,USA,Switch,Left
34652,LF,Lourdes Gurriel Jr.,Toronto,27,CUB,Right,Right
20887,LF,Ian Happ,Chicago,26,USA,Switch,Right
20053,LF,Austin Hays,Baltimore,25,USA,Right,Right
35739,LF,Sam Hilliard,Colorado,27,USA,Left,Left
32599,LF,Eloy Jimenez,Chicago,24,DOM,Right,Right
31117,LF,Tim Lopes,Milwaukee,26,USA,Right,Right
24721,LF,J.D. Martinez,Boston,33,USA,Right,Right
20842,LF,Andrew McCutchen,Philadelphia,34,USA,Right,Right
29772,LF,Brandon Nimmo,New York,28,USA,Left,Right
36059,LF,Brian O'Grady,San Diego,28,USA,Left,Right
32075,LF,Tyler O'Neill,St. Louis,25,CAN,Right,Right
24739,LF,Marcell Ozuna,Atlanta,30,DOM,Right,Right
28657,LF,Joc Pederson,Chicago,28,USA,Left,Left
32949,LF,David Peralta,Arizona,33,VEN,Left,Left
25852,LF,Tommy Pham,San Diego,33,USA,Right,Right
31954,LF,Chad Pinder,Oakland,29,USA,Right,Right
25067,LF,AJ Pollock,Los Angeles,33,USA,Right,Right
28215,LF,Jurickson Profar,San Diego,28,CUR,Switch,Right
25631,LF,Bryan Reynolds,Pittsburgh,26,USA,Switch,Right
28577,LF,Eddie Rosario,Cleveland,29,PUR,Left,Right
12,LF,Kyle Schwarber,Washington,28,USA,Left,Right
31938,LF,Dominic Smith,New York,25,USA,Left,Left
24044,LF,Giancarlo Stanton,New York,31,USA,Right,Right
32062,LF,Raimel Tapia,Colorado,27,DOM,Left,Left
1160,LF,Lane Thomas,St. Louis,25,USA,Right,Right
26263,LF,Taylor Trammell,Seattle,23,USA,Left,Left
18618,LF,Justin Upton,Los Angeles,33,USA,Right,Right
23691,LF,Andrew Vaughn,Chicago,22,USA,Right,Right
21793,LF,LaMonte Wade Jr,San Francisco,27,USA,Left,Left
30660,LF,Jesse Winker,Cincinnati,27,USA,Left,Left
28971,LF,Christian Yelich,Milwaukee,29,USA,Left,Right
34279,CF,Shogo Akiyama,Cincinnati,32,JPN,Left,Right
30710,CF,Anthony Alford,Pittsburgh,26,USA,Right,Right
30636,CF,Albert Almora Jr.,New York,26,USA,Right,Right
21197,CF,Harrison Bader,St. Louis,26,USA,Right,Right
32055,CF,Cody Bellinger,Los Angeles,25,USA,Left,Left
30626,CF,Byron Buxton,Minnesota,27,USA,Right,Right
22969,CF,Lorenzo Cain,Milwaukee,34,USA,Right,Right
20046,CF,Dylan Carlson,St. Louis,22,USA,Switch,Left
30230,CF,Jake Cave,Minnesota,28,USA,Left,Left
33454,CF,Mauricio Dubon,San Francisco,26,USA,Right,Right
22817,CF,Jarrod Dyson,Kansas City,36,USA,Left,Right
32021,CF,Adam Engel,Chicago,29,USA,Right,Right
33163,CF,Dustin Fowler,Pittsburgh,26,USA,Left,Left
25663,CF,Jake Fraley,Seattle,25,USA,Left,Left
34649,CF,Adolis Garcia,Texas,28,CUB,Right,Right
27933,CF,Randal Grichuk,Toronto,29,USA,Right,Right
24902,CF,Billy Hamilton,Chicago,30,USA,Switch,Right
28857,CF,Odubel Herrera,Philadelphia,29,VEN,Left,Right
21224,CF,Aaron Hicks,New York,31,USA,Switch,Right
1044,CF,Derek Hill,Detroit,25,USA,Right,Right
26202,CF,Ender Inciarte,Atlanta,30,VEN,Left,Left
30643,CF,Travis Jankowski,Philadelphia,29,USA,Left,Right
31849,CF,JaCoby Jones,Detroit,28,USA,Right,Right
28779,CF,Kevin Kiermaier,Tampa Bay,30,USA,Left,Right
36297,CF,Ramon Laureano,Oakland,26,DOM,Right,Right
25907,CF,Kyle Lewis,Seattle,25,USA,Right,Right
28211,CF,Jake Marisnick,Chicago,30,USA,Right,Right
31417,CF,Ketel Marte,Arizona,27,DOM,Switch,Right
24588,CF,Starling Marte,Miami,32,DOM,Right,Right
32200,CF,Jorge Mateo,San Diego,25,DOM,Right,Right
35813,CF,Cedric Mullins,Baltimore,26,USA,Left,Left
21637,CF,Rafael Ortega,Chicago,29,VEN,Left,Right
24644,CF,Chris Owings,Colorado,29,USA,Right,Right
23986,CF,Cristian Pache,Atlanta,22,DOM,Right,Right
29823,CF,Kevin Pillar,New York,32,USA,Right,Right
29931,CF,Roman Quinn,Philadelphia,27,USA,Switch,Right
35616,CF,Luis Robert,Chicago,23,CUB,Right,Right
35585,CF,Victor Robles,Washington,23,DOM,Right,Right
25829,CF,Nick Senzel,Cincinnati,25,USA,Right,Right
29770,CF,George Springer,Toronto,31,USA,Right,Right
22356,CF,Andrew Stevenson,Washington,26,USA,Left,Left
36805,CF,Myles Straw,Houston,26,USA,Right,Right
33034,CF,Mike Tauchman,New York,30,USA,Left,Left
23836,CF,Leody Taveras,Texas,22,DOM,Switch,Right
28233,CF,Michael A. Taylor,Kansas City,30,USA,Right,Right
27932,CF,Mike Trout,Los Angeles,29,USA,Right,Right
1107,CF,Alex Verdugo,Boston,24,USA,Left,Left
78,CF,Bradley Zimmer,Cleveland,28,USA,Left,Right
205,RF,Ronald Acuna Jr.,Atlanta,23,VEN,Right,Right
33622,RF,Aristides Aquino,Cincinnati,26,DOM,Right,Right
30224,RF,Mookie Betts,Los Angeles,28,USA,Right,Right
26755,RF,Charlie Blackmon,Colorado,34,USA,Left,Left
30222,RF,Jackie Bradley Jr.,Milwaukee,30,USA,Left,Right
28338,RF,Kole Calhoun,Arizona,33,USA,Left,Left
29025,RF,Mark Canha,Oakland,32,USA,Right,Right
28493,RF,Nick Castellanos,Cincinnati,29,USA,Right,Right
16,RF,Michael Conforto,New York,28,USA,Left,Right
18263,RF,Nelson Cruz,Minnesota,40,DOM,Right,Right
33976,RF,Yonathan Daza,Colorado,27,VEN,Right,Right
30875,RF,Austin Dean,St. Louis,27,USA,Right,Right
29108,RF,Adam Duvall,Miami,32,USA,Right,Right
28311,RF,Adam Eaton,Chicago,32,USA,Left,Left
25836,RF,Tommy Edman,St. Louis,25,USA,Switch,Right
21,RF,Derek Fisher,Milwaukee,27,USA,Left,Right
18751,RF,Dexter Fowler,Los Angeles,35,USA,Switch,Right
30641,RF,Joey Gallo,Texas,27,USA,Left,Right
24815,RF,Avisail Garcia,Milwaukee,29,VEN,Right,Right
28572,RF,Niko Goodrum,Detroit,29,USA,Switch,Right
25493,RF,Trent Grisham,San Diego,24,USA,Left,Left
30713,RF,Mitch Haniger,Seattle,30,USA,Right,Right
28245,RF,Bryce Harper,Philadelphia,28,USA,Left,Right
31298,RF,Teoscar Hernandez,Toronto,28,DOM,Right,Right
35601,RF,Yadiel Hernandez,Washington,33,CUB,Left,Right
24310,RF,Jason Heyward,Chicago,31,USA,Left,Left
31843,RF,Aaron Judge,New York,28,USA,Right,Right
28223,RF,Max Kepler,Minnesota,28,GER,Left,Left
33103,RF,Tim Locastro,Arizona,28,USA,Right,Right
158,RF,Jordan Luplow,Cleveland,27,USA,Right,Right
32136,RF,Trey Mancini,Baltimore,29,USA,Right,Right
32059,RF,Manuel Margot,Tampa Bay,26,DOM,Right,Right
37442,RF,Chas McCormick,Houston,25,USA,Right,Left
31908,RF,Austin Meadows,Tampa Bay,25,USA,Left,Left
28213,RF,Wil Myers,San Diego,30,USA,Right,Right
36125,RF,Edward Olivares,Kansas City,25,VEN,Right,Right
36519,RF,Jorge Ona,San Diego,24,CUB,Right,Right
30756,RF,Brett Phillips,Tampa Bay,26,USA,Left,Right
30639,RF,Stephen Piscotty,Oakland,30,USA,Right,Right
28531,RF,Gregory Polanco,Pittsburgh,29,DOM,Left,Left
31922,RF,Hunter Renfroe,Boston,29,USA,Right,Right
32074,RF,Franmil Reyes,Cleveland,25,DOM,Right,Right
35652,RF,Jesus Sanchez,Miami,23,DOM,Left,Right
31379,RF,Anthony Santander,Baltimore,26,VEN,Switch,Right
30732,RF,Jorge Soler,Kansas City,29,CUB,Right,Right
26470,RF,Juan Soto,Washington,22,DOM,Left,Left
20877,RF,DJ Stewart,Baltimore,27,USA,Left,Right
22887,RF,Kyle Tucker,Houston,24,USA,Left,Right
968,RF,Jared Walsh,Los Angeles,27,USA,Left,Left
32087,RF,Mike Yastrzemski,San Francisco,30,USA,Left,Left
27954,DH,Khris Davis,Texas,33,USA,Right,Right
"Monday, April 4th , 2022 - OOTP Baseball 22.10 Build 79",,,,,,,