Player List,,,,,,,,
ID,POS,Name,TM,Lev,Age,NAT,B,T
205,CF,Ronald Acuna Jr.,Atlanta,Major League,23,VEN,Right,Right
32810,2B,Ozzie Albies,Atlanta,Major League,24,CUR,Switch,Right
32055,CF,Cody Bellinger,Los Angeles,Major League,25,USA,Left,Left
18966,SP,Shane Bieber,Cleveland,Major League,25,USA,Right,Right
24512,CL,Aroldis Chapman,New York,Major League,33,CUB,Left,Left
31915,CL,Emmanuel Clase,Cleveland,Major League,23,DOM,Right,Right
20844,SP,Gerrit Cole,New York,Major League,30,USA,Right,Right
28467,SP,Jacob deGrom,New York,Major League,32,USA,Left,Right
30870,CL,Edwin Diaz,New York,Major League,27,PUR,Right,Right
102,RP,DeMarcus Evans,Texas,Major League,24,USA,Right,Right
30619,SP,Lucas Giolito,Chicago,Major League,26,USA,Right,Right
29059,C,Yasmani Grandal,Chicago,Major League,32,CUB,Switch,Right
77,CL,Brusdar Graterol,Los Angeles,Major League,22,VEN,Right,Right
36657,1B,Vladimir Guerrero Jr.,Toronto,Major League,22,CAN,Right,Right
27006,CL,Liam Hendriks,Chicago,Major League,32,AUS,Right,Right
20515,RP,James Karinchak,Cleveland,Major League,25,USA,Right,Right
28405,C,J.T. Realmuto,Philadelphia,Major League,30,USA,Right,Right
28250,SP,Chris Sale,Boston,Major League,32,USA,Left,Left
18853,SP,Max Scherzer,Los Angeles,Major League,36,USA,Right,Right
29535,2B,Marcus Semien,Toronto,Major League,30,USA,Right,Right
28438,SP,Noah Syndergaard,New York,Major League,28,USA,Left,Right
27932,CF,Mike Trout,Los Angeles,Major League,29,USA,Right,Right
18159,SP,Justin Verlander,Houston,Major League,38,USA,Right,Right
20875,SP,Walker Buehler,Los Angeles,Major League,26,USA,Right,Right
36852,SP,Corbin Burnes,Milwaukee,Major League,26,USA,Right,Right
35540,CL,Diego Castillo,Seattle,Major League,27,DOM,Right,Right
55,3B,Matt Chapman,Oakland,Major League,27,USA,Right,Right
39194,RP,Garrett Crochet,Chicago,Major League,21,USA,Left,Left
24305,1B,Freddie Freeman,Atlanta,Major League,31,USA,Left,Right
30363,RP,Ken Giles,Seattle,Major League,30,USA,Right,Right
34594,1B,Yuli Gurriel,Houston,Major League,36,CUB,Right,Right
31260,CL,Josh Hader,Milwaukee,Major League,26,USA,Left,Left
24023,CL,Jordan Hicks,St. Louis,Major League,24,USA,Right,Right
20059,RP,Dustin May,Los Angeles,Major League,23,USA,Right,Right
1819,RP,Andres Munoz,Seattle,Major League,22,MEX,Right,Right
30809,1B,Matt Olson,Oakland,Major League,27,USA,Left,Right
27190,C,Salvador Perez,Kansas City,Major League,30,VEN,Right,Right
27737,CL,Ryan Pressly,Houston,Major League,32,USA,Right,Right
20044,C,Will Smith,Los Angeles,Major League,26,USA,Right,Right
26470,RF,Juan Soto,Washington,Major League,22,DOM,Left,Left
27988,C,Max Stassi,Los Angeles,Major League,30,USA,Right,Right
221,SS,Fernando Tatis Jr.,San Diego,Major League,22,DOM,Right,Right
29909,RP,Blake Treinen,Los Angeles,Major League,32,USA,Right,Right
26923,2B,Jose Altuve,Houston,Major League,30,VEN,Right,Right
35618,LF,Yordan Alvarez,Houston,Major League,23,CUB,Left,Right
21880,RP,Nick Anderson,Tampa Bay,Major League,30,USA,Right,Right
24830,3B,Nolan Arenado,St. Louis,Major League,29,USA,Right,Right
34943,LF,Randy Arozarena,Tampa Bay,Major League,26,CUB,Right,Right
30220,RP,Matt Barnes,Boston,Major League,30,USA,Right,Right
29427,SP,Trevor Bauer,Los Angeles,Major League,30,USA,Right,Right
30224,RF,Mookie Betts,Los Angeles,Major League,28,USA,Right,Right
26137,SS,Bo Bichette,Toronto,Major League,23,USA,Right,Right
29148,SS,Xander Bogaerts,Boston,Major League,28,ARU,Right,Right
21001,LF,Michael Brantley,Houston,Major League,33,USA,Left,Left
20876,3B,Alex Bregman,Houston,Major League,27,USA,Right,Right
30626,CF,Byron Buxton,Minnesota,Major League,27,USA,Right,Right
1149,SP,Griffin Canning,Los Angeles,Major League,24,USA,Right,Right
477,RP,Blake Cederlind,Pittsburgh,Major League,25,USA,Right,Right
30345,SP,Yu Darvish,San Diego,Major League,34,JPN,Right,Right
23155,RP,Jake Diekman,Oakland,Major League,34,USA,Left,Left
31429,RP,Domingo German,New York,Major League,28,DOM,Right,Right
30162,SP,Tyler Glasnow,Tampa Bay,Major League,27,USA,Left,Right
20233,RP,Tony Gonsolin,Los Angeles,Major League,26,USA,Right,Right
32357,RP,Kendall Graveman,Houston,Major League,30,USA,Right,Right
23639,CL,Josiah Gray,Washington,Major League,23,USA,Right,Right
21618,SP,Sonny Gray,Cincinnati,Major League,31,USA,Right,Right
32599,LF,Eloy Jimenez,Chicago,Major League,24,DOM,Right,Right
18781,SP,Clayton Kershaw,Los Angeles,Major League,33,USA,Left,Left
24944,2B,DJ LeMahieu,New York,Major League,32,USA,Right,Right
31875,SP,Sean Manaea,Oakland,Major League,29,USA,Right,Left
30621,SP,Lance McCullers Jr.,Houston,Major League,27,USA,Left,Right
29058,2B,Whit Merrifield,Kansas City,Major League,32,USA,Right,Right
36707,SP,Casey Mize,Detroit,Major League,23,USA,Right,Right
30780,1B,Max Muncy,Los Angeles,Major League,30,USA,Left,Right
18,SP,Aaron Nola,Philadelphia,Major League,27,USA,Right,Right
23374,SP,Nate Pearson,Toronto,Major League,24,USA,Right,Right
28574,2B,Jorge Polanco,Minnesota,Major League,27,DOM,Switch,Right
1542,RP,Zach Pop,Miami,Major League,24,CAN,Right,Right
30429,3B,Jose Ramirez,Cleveland,Major League,28,DOM,Switch,Right
28337,SP,Robbie Ray,Toronto,Major League,29,USA,Left,Left
32355,RP,Manuel Rodriguez,Chicago,Major League,24,MEX,Right,Right
28210,C,Gary Sanchez,New York,Major League,28,DOM,Right,Right
33686,SP,Luis Severino,New York,Major League,27,DOM,Right,Right
31128,RP,Paul Sewald,Seattle,Major League,30,USA,Right,Right
29452,SP,Blake Snell,San Diego,Major League,28,USA,Left,Left
23076,SP,Mike Soroka,Atlanta,Major League,23,CAN,Right,Right
29770,CF,George Springer,Toronto,Major League,31,USA,Right,Right
24044,LF,Giancarlo Stanton,New York,Major League,31,USA,Right,Right
34722,2B,Luis Urias,Milwaukee,Major League,23,MEX,Right,Right
1706,SP,Logan Webb,San Francisco,Major League,24,USA,Right,Right
28219,SP,Zack Wheeler,Philadelphia,Major League,30,USA,Left,Right
30660,LF,Jesse Winker,Cincinnati,Major League,27,USA,Left,Left
595,SP,Brandon Woodruff,Milwaukee,Major League,28,USA,Left,Right
28042,RP,Kirby Yates,Toronto,Major League,34,USA,Left,Right
35666,RP,Huascar Ynoa,Atlanta,Major League,22,DOM,Right,Right
34602,1B,Jose Abreu,Chicago,Major League,34,CUB,Right,Right
32284,SS,Willy Adames,Milwaukee,Major League,25,DOM,Right,Right
34939,RP,Jose Alvarado,Philadelphia,Major League,25,VEN,Left,Left
25637,SP,Ian Anderson,Atlanta,Major League,22,USA,Right,Right
32051,SS,Tim Anderson,Chicago,Major League,27,USA,Right,Right
30715,SP,Jose Berrios,Toronto,Major League,26,PUR,Right,Right
32010,SP,Matthew Boyd,Detroit,Major League,30,USA,Left,Left
23801,RP,Zack Britton,New York,Major League,33,USA,Left,Left
31842,3B,Kris Bryant,San Francisco,Major League,29,USA,Right,Right
20521,SP,Carlos Carrasco,New York,Major League,34,VEN,Right,Right
30255,SP,Mike Clevinger,San Diego,Major League,30,USA,Right,Right
27645,RP,Alex Colome,Minnesota,Major League,32,DOM,Right,Right
30324,C,Willson Contreras,Chicago,Major League,28,VEN,Right,Right
30633,SS,Carlos Correa,Houston,Major League,26,PUR,Right,Right
27501,SS,Brandon Crawford,San Francisco,Major League,34,USA,Left,Right
22062,2B,Jake Cronenworth,San Diego,Major League,27,USA,Left,Right
37629,RP,Brett De Geus,Arizona,Major League,23,USA,Right,Right
34999,RP,Seranthony Dominguez,Philadelphia,Major League,26,DOM,Right,Right
1065,SP,Jack Flaherty,St. Louis,Major League,25,USA,Right,Right
37279,RP,Josh Fleming,Tampa Bay,Major League,24,USA,Right,Left
30629,SP,Max Fried,Atlanta,Major League,27,USA,Left,Left
31806,RP,Giovanny Gallegos,St. Louis,Major League,29,MEX,Right,Right
30641,LF,Joey Gallo,New York,Major League,27,USA,Left,Right
37719,RP,Luis Garcia,Houston,Major League,24,VEN,Right,Right
30623,SP,Kevin Gausman,San Francisco,Major League,30,USA,Left,Right
26363,1B,Paul Goldschmidt,St. Louis,Major League,33,USA,Right,Right
32029,RP,Chad Green,New York,Major League,29,USA,Left,Right
18066,SP,Zack Greinke,Houston,Major League,37,USA,Right,Right
21580,RP,Brad Hand,New York,Major League,31,USA,Left,Left
28245,RF,Bryce Harper,Philadelphia,Major League,28,USA,Left,Right
20053,LF,Austin Hays,Baltimore,Major League,25,USA,Right,Right
23336,RP,Tim Hill,San Diego,Major League,31,USA,Right,Left
118,1B,Rhys Hoskins,Philadelphia,Major League,28,USA,Right,Right
34642,CL,Raisel Iglesias,Los Angeles,Major League,31,CUB,Right,Right
19952,RP,Josh James,Houston,Major League,28,USA,Right,Right
23348,RP,Kenley Jansen,Los Angeles,Major League,33,CUR,Switch,Right
18980,C,Ryan Jeffers,Minnesota,Major League,23,USA,Right,Right
31843,RF,Aaron Judge,New York,Major League,28,USA,Right,Right
28980,RP,Tommy Kahnle,Los Angeles,Major League,31,USA,Right,Right
36612,SP,Dinelson Lamet,San Diego,Major League,28,DOM,Right,Right
29694,SS,Francisco Lindor,New York,Major League,27,PUR,Switch,Right
35140,RP,Jonathan Loaisiga,New York,Major League,26,NCA,Right,Right
32524,SP,Pablo Lopez,Miami,Major League,25,VEN,Left,Right
22304,2B,Brandon Lowe,Tampa Bay,Major League,26,USA,Left,Right
26750,SP,Lance Lynn,Chicago,Major League,33,USA,Switch,Right
28252,3B,Manny Machado,San Diego,Major League,28,USA,Right,Right
23699,2B,Nick Madrigal,Chicago,Major League,24,USA,Right,Right
33745,SP,German Marquez,Colorado,Major League,26,VEN,Right,Right
31417,CF,Ketel Marte,Arizona,Major League,27,DOM,Switch,Right
31923,RP,Mike Mayers,Los Angeles,Major League,29,USA,Right,Right
23744,SP,Shane McClanahan,Tampa Bay,Major League,23,USA,Left,Left
20618,CL,Mark Melancon,San Diego,Major League,36,USA,Right,Right
18809,SP,Charlie Morton,Atlanta,Major League,37,USA,Right,Right
29260,SP,Joe Musgrove,San Diego,Major League,28,USA,Right,Right
29458,C,Omar Narvaez,Milwaukee,Major League,29,VEN,Left,Right
28707,RP,Jimmy Nelson,Los Angeles,Major League,31,USA,Right,Right
29194,CL,Hector Neris,Philadelphia,Major League,31,DOM,Right,Right
19160,RP,Enoli Paredes,Houston,Major League,25,DOM,Right,Right
28251,RP,Drew Pomeranz,San Diego,Major League,32,USA,Right,Left
24161,1B,Anthony Rizzo,New York,Major League,31,USA,Left,Left
35616,CF,Luis Robert,Chicago,Major League,23,CUB,Right,Right
22822,2B,Brendan Rodgers,Colorado,Major League,24,USA,Right,Right
5,SP,Carlos Rodon,Chicago,Major League,28,USA,Left,Left
30373,RP,Richard Rodriguez,Atlanta,Major League,31,DOM,Right,Right
31763,CL,Taylor Rogers,Minnesota,Major League,30,USA,Left,Left
33048,RP,Tyler Rogers,San Francisco,Major League,30,USA,Right,Right
34331,SP,Hyun-jin Ryu,Toronto,Major League,34,KOR,Right,Left
30665,SS,Corey Seager,Los Angeles,Major League,26,USA,Left,Right
24169,SP,Brady Singer,Kansas City,Major League,24,USA,Right,Right
31938,LF,Dominic Smith,New York,Major League,25,USA,Left,Left
27572,CL,Will Smith,Atlanta,Major League,31,USA,Right,Left
22769,RP,Craig Stammen,San Diego,Major League,37,USA,Right,Right
29646,SS,Trevor Story,Colorado,Major League,28,USA,Right,Right
24530,SP,Stephen Strasburg,Washington,Major League,32,USA,Right,Right
30642,SP,Marcus Stroman,New York,Major League,29,USA,Right,Right
22887,RF,Kyle Tucker,Houston,Major League,24,USA,Left,Right
15,LF,Trea Turner,Los Angeles,Major League,27,USA,Right,Right
32310,SP,Julio Urias,Los Angeles,Major League,24,MEX,Left,Left
374,RP,Framber Valdez,Houston,Major League,27,DOM,Left,Left
23691,LF,Andrew Vaughn,Chicago,Major League,23,USA,Right,Right
27740,C,Christian Vazquez,Boston,Major League,30,PUR,Right,Right
18661,1B,Joey Votto,Cincinnati,Major League,37,CAN,Left,Right
32024,RP,Devin Williams,Milwaukee,Major League,26,USA,Right,Right
30731,SP,Alex Wood,San Francisco,Major League,30,USA,Right,Left
28960,1B,Jesus Aguilar,Miami,Major League,30,VEN,Right,Right
29415,SS,Nick Ahmed,Arizona,Major League,31,USA,Right,Right
32906,SP,Sandy Alcantara,Miami,Major League,25,DOM,Right,Right
25630,1B,Pete Alonso,New York,Major League,26,USA,Right,Right
33887,SP,Adbert Alzolay,Chicago,Major League,26,VEN,Right,Right
67,3B,Brian Anderson,Miami,Major League,27,USA,Right,Right
23901,SP,Chris Archer,Tampa Bay,Major League,32,USA,Right,Right
36338,SP,Kohei Arihara,Texas,Major League,28,JPN,Right,Right
35420,LF,Luis Arraez,Minnesota,Major League,23,VEN,Left,Right
870,RF,Akil Baddoo,Detroit,Major League,22,USA,Left,Left
21197,CF,Harrison Bader,St. Louis,Major League,26,USA,Right,Right
29696,SS,Javier Baez,New York,Major League,28,PUR,Right,Right
24148,CL,Daniel Bard,Colorado,Major League,35,USA,Right,Right
30189,CL,Scott Barlow,Kansas City,Major League,28,USA,Right,Right
29662,RP,Jacob Barnes,Toronto,Major League,30,USA,Right,Right
29541,SP,Chris Bassitt,Oakland,Major League,32,USA,Right,Right
29988,1B,Josh Bell,Washington,Major League,28,USA,Switch,Right
28263,1B,Brandon Belt,San Francisco,Major League,32,USA,Left,Left
36712,3B,Alec Bohm,Philadelphia,Major League,24,USA,Right,Right
37193,RP,Cody Bolton,Pittsburgh,Major League,22,USA,Right,Right
30222,RF,Jackie Bradley Jr.,Milwaukee,Major League,30,USA,Left,Right
24854,CL,Rex Brothers,Chicago,Major League,33,USA,Left,Left
24105,SP,Madison Bumgarner,Arizona,Major League,31,USA,Right,Left
22969,CF,Lorenzo Cain,Milwaukee,Major League,34,USA,Right,Right
29025,LF,Mark Canha,Oakland,Major League,32,USA,Right,Right
20046,RF,Dylan Carlson,St. Louis,Major League,22,USA,Switch,Left
28493,RF,Nick Castellanos,Cincinnati,Major League,29,USA,Right,Right
35135,SP,Luis Castillo,Cincinnati,Major League,28,DOM,Right,Right
32701,SS,Willi Castro,Detroit,Major League,23,PUR,Switch,Right
28693,1B,Ji-man Choi,Tampa Bay,Major League,29,KOR,Left,Right
20056,SP,Aaron Civale,Cleveland,Major League,25,USA,Right,Right
16,RF,Michael Conforto,New York,Major League,28,USA,Left,Right
32976,RF,Garrett Cooper,Miami,Major League,30,USA,Right,Right
27927,SP,Patrick Corbin,Washington,Major League,31,USA,Left,Left
29477,1B,C.J. Cron,Colorado,Major League,31,USA,Right,Right
18263,RF,Nelson Cruz,Tampa Bay,Major League,40,DOM,Right,Right
18732,SP,Johnny Cueto,San Francisco,Major League,35,DOM,Right,Right
26554,C,Travis d'Arnaud,Atlanta,Major League,32,USA,Right,Right
28,3B,J.D. Davis,New York,Major League,27,USA,Right,Right
35842,SS,Paul DeJong,St. Louis,Major League,27,USA,Right,Right
32631,3B,Rafael Devers,Boston,Major League,24,DOM,Left,Right
29989,LF,Alex Dickerson,San Francisco,Major League,30,USA,Left,Left
23714,3B,Josh Donaldson,Minnesota,Major League,35,USA,Right,Right
25836,2B,Tommy Edman,St. Louis,Major League,25,USA,Switch,Right
27033,SP,Nathan Eovaldi,Boston,Major League,31,USA,Right,Right
21741,CL,Pete Fairbanks,Tampa Bay,Major League,27,USA,Right,Right
20179,SP,Caleb Ferguson,Los Angeles,Major League,24,USA,Right,Left
25698,SS,David Fletcher,Los Angeles,Major League,26,USA,Right,Right
31844,2B,Adam Frazier,San Diego,Major League,29,USA,Left,Right
9,SP,Kyle Freeland,Colorado,Major League,27,USA,Left,Left
29874,CL,Michael Fulmer,Detroit,Major League,28,USA,Right,Right
167,SP,Zac Gallen,Arizona,Major League,25,USA,Right,Right
24815,RF,Avisail Garcia,Milwaukee,Major League,29,VEN,Right,Right
28582,RP,Yimi Garcia,Houston,Major League,30,DOM,Right,Right
32082,C,Mitch Garver,Minnesota,Major League,30,USA,Right,Right
20335,SS,Andres Gimenez,Cleveland,Major League,22,VEN,Left,Right
31955,SP,Marco Gonzales,Seattle,Major League,29,USA,Left,Left
31857,SP,Jon Gray,Colorado,Major League,29,USA,Right,Right
25493,CF,Trent Grisham,San Diego,Major League,24,USA,Left,Left
22913,3B,Ke'Bryan Hayes,Pittsburgh,Major League,24,USA,Right,Right
30662,SP,Andrew Heaney,New York,Major League,29,USA,Left,Left
32450,CL,Taylor Hearn,Texas,Major League,26,USA,Left,Left
19805,RP,Ryan Helsley,St. Louis,Major League,26,USA,Right,Right
28665,RP,Heath Hembree,New York,Major League,32,USA,Right,Right
30102,SP,Kyle Hendricks,Chicago,Major League,31,USA,Right,Right
21988,SP,Carlos Hernandez,Kansas City,Major League,24,VEN,Right,Right
24670,2B,Enrique Hernandez,Boston,Major League,29,PUR,Right,Right
35214,RP,Jonathan Hernandez,Texas,Major League,24,USA,Right,Right
31298,RF,Teoscar Hernandez,Toronto,Major League,28,DOM,Right,Right
38689,RP,Codi Heuer,Chicago,Major League,24,USA,Right,Right
22858,SS,Nico Hoerner,Chicago,Major League,23,USA,Right,Right
22807,RP,Greg Holland,Kansas City,Major League,35,USA,Right,Right
30287,RP,Clay Holmes,New York,Major League,28,USA,Right,Right
21321,1B,Eric Hosmer,San Diego,Major League,31,USA,Left,Left
32240,RP,Spencer Howard,Texas,Major League,24,USA,Right,Right
27449,RP,Daniel Hudson,San Diego,Major League,34,USA,Right,Right
21628,RP,David Huff,Seattle,Major League,36,USA,Switch,Left
24090,SS,Jose Iglesias,Boston,Major League,31,CUB,Right,Right
22900,2B,Jonathan India,Cincinnati,Major League,24,USA,Right,Right
29167,RP,Luke Jackson,Atlanta,Major League,29,USA,Right,Right
33143,C,Danny Jansen,Toronto,Major League,25,USA,Right,Right
33327,SP,Daulton Jefferies,Oakland,Major League,25,USA,Left,Right
30708,RP,Pierce Johnson,San Diego,Major League,29,USA,Right,Right
31544,RP,Keone Kela,San Diego,Major League,27,USA,Right,Right
33014,SP,Brad Keller,Kansas City,Major League,25,USA,Right,Right
28101,RP,Joe Kelly,Los Angeles,Major League,32,USA,Right,Right
29095,SP,Merrill Kelly,Arizona,Major League,32,USA,Right,Right
26539,3B,Carter Kieboom,Washington,Major League,23,USA,Right,Right
34293,SP,Yusei Kikuchi,Seattle,Major League,29,JPN,Left,Left
34318,SP,Kwang Hyun Kim,St. Louis,Major League,32,KOR,Left,Left
26743,RP,Craig Kimbrel,Chicago,Major League,32,USA,Right,Right
30327,RP,Andrew Kittredge,Tampa Bay,Major League,31,USA,Right,Right
22616,SP,Corey Kluber,New York,Major League,34,USA,Right,Right
31985,RP,Corey Knebel,Los Angeles,Major League,29,USA,Right,Right
36297,CF,Ramon Laureano,Oakland,Major League,26,DOM,Right,Right
32619,RP,Jose Leclerc,Texas,Major League,27,DOM,Right,Right
25907,CF,Kyle Lewis,Seattle,Major League,25,USA,Right,Right
33072,RP,Zack Littell,San Francisco,Major League,25,USA,Right,Right
23737,SP,Brendon Little,Chicago,Major League,24,USA,Left,Left
36860,1B,Nate Lowe,Texas,Major League,25,USA,Left,Right
26448,SP,Jesus Luzardo,Miami,Major League,23,PER,Left,Left
34291,SP,Kenta Maeda,Minnesota,Major League,32,JPN,Right,Right
32996,SP,Tyler Mahle,Cincinnati,Major League,26,USA,Right,Right
32059,RF,Manuel Margot,Tampa Bay,Major League,26,DOM,Right,Right
29240,RP,Evan Marshall,Chicago,Major League,30,USA,Right,Right
24588,CF,Starling Marte,Oakland,Major League,32,DOM,Right,Right
30676,RP,Chris Martin,Atlanta,Major League,34,USA,Right,Right
24721,1B,J.D. Martinez,Boston,Major League,33,USA,Right,Right
19944,RP,Phil Maton,Houston,Major League,28,USA,Right,Right
28237,CL,Steven Matz,Toronto,Major League,29,USA,Right,Left
27616,RP,Trevor May,New York,Major League,31,USA,Right,Right
33079,RP,Tim Mayza,Toronto,Major League,29,USA,Left,Left
29714,C,James McCann,New York,Major League,30,USA,Right,Right
37442,RF,Chas McCormick,Houston,Major League,25,USA,Right,Left
20715,CL,Jake McGee,San Francisco,Major League,34,USA,Left,Left
32770,2B,Jeff McNeil,New York,Major League,28,USA,Left,Right
31908,RF,Austin Meadows,Tampa Bay,Major League,25,USA,Left,Left
39298,RP,Nick Mears,Pittsburgh,Major League,24,USA,Right,Right
32585,C,Yermin Mercedes,Chicago,Major League,28,DOM,Right,Right
18304,RP,Andrew Miller,St. Louis,Major League,35,USA,Left,Left
20953,RP,A.J. Minter,Atlanta,Major League,27,USA,Left,Left
30503,SS,Adalberto Mondesi,Kansas City,Major League,25,USA,Switch,Right
31272,SP,Frankie Montas,Oakland,Major League,28,DOM,Right,Right
984,RP,Jordan Montgomery,New York,Major League,28,USA,Left,Left
22860,1B,Ryan Mountcastle,Baltimore,Major League,24,USA,Right,Right
23586,3B,Mike Moustakas,Cincinnati,Major League,32,USA,Left,Right
35813,CF,Cedric Mullins,Baltimore,Major League,26,USA,Left,Left
32392,RP,Patrick Murphy,Washington,Major League,25,USA,Right,Right
18952,C,Sean Murphy,Oakland,Major League,26,USA,Right,Right
30702,C,Tom Murphy,Seattle,Major League,30,USA,Right,Right
22832,RF,Josh Naylor,Cleveland,Major League,23,CAN,Left,Left
24021,RP,Nick Neidert,Miami,Major League,24,USA,Right,Right
29772,LF,Brandon Nimmo,New York,Major League,28,USA,Left,Right
30876,C,Austin Nola,San Diego,Major League,31,USA,Right,Right
34284,SP,Shohei Ohtani,Los Angeles,Major League,26,JPN,Left,Right
24739,LF,Marcell Ozuna,Atlanta,Major League,30,DOM,Right,Right
25239,RP,Chris Paddack,San Diego,Major League,25,USA,Right,Right
33054,RP,Emilio Pagan,San Diego,Major League,29,USA,Left,Right
29134,SP,James Paxton,Seattle,Major League,32,CAN,Left,Left
35172,SP,Freddy Peralta,Milwaukee,Major League,24,DOM,Right,Right
30558,RP,Wandy Peralta,New York,Major League,29,DOM,Left,Left
25852,LF,Tommy Pham,San Diego,Major League,33,USA,Right,Right
30756,RF,Brett Phillips,Tampa Bay,Major League,26,USA,Left,Right
23778,SP,Michael Pineda,Minnesota,Major League,32,DOM,Right,Right
32035,RP,Nick Pivetta,Boston,Major League,28,CAN,Right,Right
25067,LF,AJ Pollock,Los Angeles,Major League,33,USA,Right,Right
20775,CL,Drew Rasmussen,Tampa Bay,Major League,25,USA,Right,Right
29430,3B,Anthony Rendon,Los Angeles,Major League,30,USA,Right,Right
25631,LF,Bryan Reynolds,Pittsburgh,Major League,26,USA,Switch,Right
22819,3B,Austin Riley,Atlanta,Major League,24,USA,Right,Right
30146,RP,Hansel Robles,Boston,Major League,30,DOM,Right,Right
20072,SP,Chris Rodriguez,Los Angeles,Major League,22,USA,Right,Right
29378,SP,Eduardo Rodriguez,Boston,Major League,27,VEN,Left,Left
22201,CL,Trevor Rogers,Miami,Major League,23,USA,Left,Left
27239,SS,Miguel Rojas,Miami,Major League,32,VEN,Right,Right
36075,RP,Jordan Romano,Toronto,Major League,27,CAN,Right,Right
18840,RP,Sergio Romo,Oakland,Major League,38,USA,Right,Right
22797,RP,Patrick Sandoval,Los Angeles,Major League,24,USA,Left,Left
28214,1B,Miguel Sano,Minnesota,Major League,27,DOM,Right,Right
32727,RP,Dennis Santana,Texas,Major League,24,DOM,Right,Right
31379,RF,Anthony Santander,Baltimore,Major League,26,VEN,Switch,Right
25666,CL,Tanner Scott,Baltimore,Major League,26,USA,Right,Left
24568,3B,Kyle Seager,Seattle,Major League,33,USA,Left,Right
29362,C,Pedro Severino,Baltimore,Major League,27,DOM,Right,Right
20970,2B,Donovan Solano,San Francisco,Major League,33,COL,Right,Right
30732,RF,Jorge Soler,Atlanta,Major League,29,CUB,Right,Right
32700,RP,Gabe Speier,Kansas City,Major League,25,USA,Left,Left
305,RP,Jeffrey Springs,Tampa Bay,Major League,28,USA,Left,Left
99,RP,Josh Staumont,Kansas City,Major League,27,USA,Right,Right
24556,RP,Robert Stock,New York,Major League,31,USA,Left,Right
29202,SS,Eugenio Suarez,Cincinnati,Major League,29,VEN,Right,Right
34982,SP,Ranger Suarez,Philadelphia,Major League,25,VEN,Left,Left
30902,RP,Brent Suter,Milwaukee,Major League,31,USA,Left,Left
20947,SS,Dansby Swanson,Atlanta,Major League,27,USA,Right,Right
28246,SP,Jameson Taillon,New York,Major League,29,USA,Right,Right
30873,2B,Chris Taylor,Los Angeles,Major League,30,USA,Right,Right
32296,RP,Lewis Thorpe,Minnesota,Major League,25,AUS,Right,Left
20092,3B,Abraham Toro,Seattle,Major League,24,CAN,Switch,Right
32604,SS,Gleyber Torres,New York,Major League,24,VEN,Right,Right
1012,RP,Touki Toussaint,Atlanta,Major League,24,USA,Right,Right
26621,3B,Justin Turner,Los Angeles,Major League,36,USA,Right,Right
34546,2B,Ramon Urias,Baltimore,Major League,26,MEX,Right,Right
1107,CF,Alex Verdugo,Boston,Major League,24,USA,Left,Left
23464,RP,Will Vest,Seattle,Major League,25,USA,Right,Right
21793,LF,LaMonte Wade Jr,San Francisco,Major League,27,USA,Left,Left
18199,SP,Adam Wainwright,St. Louis,Major League,39,USA,Right,Right
31132,1B,Christian Walker,Arizona,Major League,30,USA,Right,Right
28945,SP,Taijuan Walker,New York,Major League,28,USA,Right,Right
36,SP,Luke Weaver,Arizona,Major League,27,USA,Right,Right
1304,1B,Evan White,Seattle,Major League,24,USA,Right,Left
23509,RP,Garrett Whitlock,Boston,Major League,24,USA,Right,Right
26947,RP,Justin Wilson,Cincinnati,Major League,33,USA,Left,Left
31121,RP,Nick Wittgren,Cleveland,Major League,29,USA,Right,Right
29236,2B,Kolten Wong,Milwaukee,Major League,30,USA,Left,Right
32087,RF,Mike Yastrzemski,San Francisco,Major League,30,USA,Left,Left
28971,LF,Christian Yelich,Milwaukee,Major League,29,USA,Left,Right
30622,C,Mike Zunino,Tampa Bay,Major League,30,USA,Right,Right
29141,RP,Jason Adam,Chicago,Major League,29,USA,Right,Right
34279,CF,Shogo Akiyama,Cincinnati,Major League,32,JPN,Left,Right
19151,RP,Jorge Alcala,Minnesota,Major League,25,DOM,Right,Right
22990,RP,Logan Allen,Cleveland,Major League,23,USA,Right,Left
30636,CF,Albert Almora Jr.,New York,Major League,26,USA,Right,Right
24146,RP,Jose Alvarez,San Francisco,Major League,31,VEN,Left,Left
21368,SP,Brett Anderson,Milwaukee,Major League,33,USA,Left,Left
29793,SP,Tyler Anderson,Seattle,Major League,31,USA,Left,Left
22316,SS,Elvis Andrus,Oakland,Major League,32,VEN,Right,Right
83,SP,Tejay Antone,Cincinnati,Major League,27,USA,Right,Right
33622,RF,Aristides Aquino,Cincinnati,Major League,26,DOM,Right,Right
33569,RP,Victor Arano,Atlanta,Major League,26,MEX,Right,Right
19821,SS,Gabriel Arias,Cleveland,Major League,21,VEN,Right,Right
32122,2B,Christian Arroyo,Boston,Major League,25,USA,Right,Right
32013,SS,Abiatal Avelino,Chicago,Major League,26,DOM,Right,Right
27590,RP,Luis Avilan,Washington,Major League,31,VEN,Left,Left
29749,C,Austin Barnes,Los Angeles,Major League,31,USA,Right,Right
28192,C,Tucker Barnhart,Cincinnati,Major League,30,USA,Left,Right
32952,SP,Jaime Barria,Los Angeles,Major League,24,PAN,Right,Right
24245,C,Joey Bart,San Francisco,Major League,24,USA,Right,Right
27264,RP,Anthony Bass,Miami,Major League,33,USA,Right,Right
32997,LF,Jake Bauers,Seattle,Major League,25,USA,Left,Left
1728,CL,David Bednar,Pittsburgh,Major League,26,USA,Left,Right
28346,RP,Cam Bedrosian,Philadelphia,Major League,29,USA,Right,Right
36875,RP,Anthony Bender,Miami,Major League,26,USA,Right,Right
33315,LF,Andrew Benintendi,Kansas City,Major League,26,USA,Left,Left
31906,3B,Cavan Biggio,Toronto,Major League,25,USA,Left,Right
26755,RF,Charlie Blackmon,Colorado,Major League,34,USA,Left,Left
20338,RP,Nolan Blackwood,Detroit,Major League,26,USA,Right,Right
27796,RP,Richard Bleier,Miami,Major League,33,USA,Left,Left
31030,RP,Ryan Borucki,Toronto,Major League,27,USA,Left,Left
30957,3B,David Bote,Chicago,Major League,27,USA,Right,Right
28190,RP,Brad Boxberger,Milwaukee,Major League,32,USA,Right,Right
29668,RP,Archie Bradley,Philadelphia,Major League,28,USA,Right,Right
33055,SP,Steven Brault,Pittsburgh,Major League,28,USA,Left,Left
30657,LF,Lewis Brinson,Miami,Major League,26,USA,Right,Right
21907,3B,Mike Brosseau,Tampa Bay,Major League,27,USA,Right,Right
584,SP,JT Brubaker,Pittsburgh,Major League,27,USA,Right,Right
36311,SP,Kris Bubic,Kansas City,Major League,23,USA,Left,Left
179,RP,Aaron Bummer,Chicago,Major League,27,USA,Left,Left
29428,SP,Dylan Bundy,Los Angeles,Major League,28,USA,Switch,Right
22614,RP,Matt Bush,Texas,Major League,35,USA,Right,Right
22479,RP,Trevor Cahill,Pittsburgh,Major League,33,USA,Right,Right
28338,RF,Kole Calhoun,Arizona,Major League,33,USA,Left,Left
1537,RP,Paul Campbell,Miami,Major League,25,USA,Left,Right
30493,3B,Jeimer Candelario,Detroit,Major League,27,USA,Switch,Right
18261,2B,Robinson Cano,New York,Major League,38,DOM,Left,Right
32140,C,Victor Caratini,San Diego,Major League,27,PUR,Switch,Right
24560,3B,Matt Carpenter,St. Louis,Major League,35,USA,Left,Right
1375,RP,Humberto Castellanos,Arizona,Major League,23,MEX,Right,Right
33750,RP,Miguel Castro,New York,Major League,26,DOM,Right,Right
30230,CF,Jake Cave,Minnesota,Major League,28,USA,Left,Left
1016,SP,Dylan Cease,Chicago,Major League,25,USA,Right,Right
30368,RP,Luis Cessa,Cincinnati,Major League,28,MEX,Right,Right
34365,1B,Yu Chang,Cleveland,Major League,25,TPE,Right,Right
1035,1B,Michael Chavis,Pittsburgh,Major League,25,USA,Right,Right
24032,RP,Steve Cishek,Los Angeles,Major League,34,USA,Right,Right
24696,RP,Jose Cisnero,Detroit,Major League,31,DOM,Right,Right
517,CL,Taylor Clarke,Arizona,Major League,27,USA,Right,Right
28864,RP,Alex Claudio,Boston,Major League,29,PUR,Left,Left
24221,SP,Alex Cobb,Los Angeles,Major League,33,USA,Right,Right
32,RP,Sam Coonrod,Philadelphia,Major League,28,USA,Right,Right
31905,SS,J.P. Crawford,Seattle,Major League,26,USA,Left,Right
24121,RF,Charlie Culberson,Texas,Major League,31,USA,Right,Right
19657,SP,Tucker Davidson,Atlanta,Major League,25,USA,Left,Left
30207,SP,Zach Davies,Chicago,Major League,28,USA,Right,Right
27954,LF,Khris Davis,Oakland,Major League,33,USA,Right,Right
30875,RF,Austin Dean,St. Louis,Major League,27,USA,Right,Right
34581,SS,Aledmys Diaz,Houston,Major League,30,CUB,Right,Right
34585,3B,Yandy Diaz,Tampa Bay,Major League,29,CUB,Right,Right
30367,SS,Wilmer Difo,Pittsburgh,Major League,29,DOM,Switch,Right
27889,RP,Rafael Dolis,Toronto,Major League,33,DOM,Right,Right
22492,RP,Sean Doolittle,Seattle,Major League,34,USA,Left,Left
32019,3B,Hunter Dozier,Kansas City,Major League,29,USA,Right,Right
31632,RP,Tyler Duffey,Minnesota,Major League,30,USA,Right,Right
31363,3B,Matt Duffy,Chicago,Major League,30,USA,Right,Right
33351,SP,Dane Dunning,Texas,Major League,26,USA,Right,Right
29108,LF,Adam Duvall,Atlanta,Major League,32,USA,Right,Right
22817,CF,Jarrod Dyson,Toronto,Major League,36,USA,Left,Right
393,RP,Scott Effross,Chicago,Major League,27,USA,Right,Right
30729,SP,Zach Eflin,Philadelphia,Major League,26,USA,Right,Right
32021,CF,Adam Engel,Chicago,Major League,29,USA,Right,Right
22033,3B,Eduardo Escobar,Milwaukee,Major League,32,VEN,Switch,Right
30214,3B,Phillip Evans,Pittsburgh,Major League,28,USA,Right,Right
24455,SP,Bailey Falter,Philadelphia,Major League,23,USA,Right,Left
32255,3B,Kyle Farmer,Cincinnati,Major League,30,USA,Right,Right
33,SP,Erick Fedde,Washington,Major League,28,USA,Right,Right
24627,SP,Mike Fiers,Oakland,Major League,35,USA,Right,Right
31447,SP,Chris Flexen,Seattle,Major League,26,USA,Right,Right
26752,1B,Wilmer Flores,San Francisco,Major League,29,VEN,Right,Right
31558,RP,Dylan Floro,Miami,Major League,30,USA,Left,Right
21393,RP,Jason Foley,Detroit,Major League,25,USA,Right,Right
33537,1B,Mike Ford,Washington,Major League,28,USA,Left,Right
36869,RP,Matt Foster,Chicago,Major League,26,USA,Right,Right
18751,RF,Dexter Fowler,Los Angeles,Major League,35,USA,Switch,Right
33163,RF,Dustin Fowler,Miami,Major League,26,USA,Left,Left
25663,LF,Jake Fraley,Seattle,Major League,25,USA,Left,Left
20982,1B,Ty France,Seattle,Major League,26,USA,Right,Right
28515,1B,Maikel Franco,Atlanta,Major League,28,DOM,Right,Right
25,RP,Jace Fry,Chicago,Major League,27,USA,Left,Left
33157,RP,Paul Fry,Baltimore,Major League,28,USA,Left,Left
35871,3B,Joshua Fuentes,Colorado,Major League,28,USA,Right,Right
35586,SP,Steven Fuentes,Washington,Major League,23,PAN,Right,Right
20882,RP,Kyle Funkhouser,Detroit,Major League,27,USA,Right,Right
25937,SS,Freddy Galvis,Philadelphia,Major League,31,VEN,Switch,Right
28916,LF,Ben Gamel,Pittsburgh,Major League,28,USA,Left,Left
30150,SP,John Gant,Minnesota,Major League,28,USA,Right,Right
34649,CF,Adolis Garcia,Texas,Major League,28,CUB,Right,Right
19772,RP,Bryan Garcia,Detroit,Major League,25,USA,Right,Right
31427,RP,Jarlin Garcia,San Francisco,Major League,28,DOM,Left,Left
18754,LF,Brett Gardner,New York,Major League,37,USA,Left,Left
30282,CL,Amir Garrett,Cincinnati,Major League,28,USA,Right,Left
28221,SP,Kyle Gibson,Philadelphia,Major League,33,USA,Right,Right
27170,RP,Tyler Gilbert,Arizona,Major League,27,USA,Left,Left
26728,RP,Mychal Givens,Cincinnati,Major League,30,USA,Right,Right
229,SP,Austin Gomber,Colorado,Major League,27,USA,Left,Left
28035,C,Yan Gomes,Oakland,Major League,33,BRA,Right,Right
30427,SS,Erik Gonzalez,Pittsburgh,Major League,29,DOM,Right,Right
23717,3B,Marwin Gonzalez,Houston,Major League,32,VEN,Switch,Right
29804,RF,Brian Goodwin,Chicago,Major League,30,USA,Left,Right
1048,SS,Nick Gordon,Minnesota,Major League,25,USA,Left,Right
27933,CF,Randal Grichuk,Toronto,Major League,29,USA,Right,Right
23201,LF,Robbie Grossman,Detroit,Major League,31,USA,Switch,Left
31290,RP,Reymin Guduan,Oakland,Major League,29,DOM,Left,Left
34652,LF,Lourdes Gurriel Jr.,Toronto,Major League,27,CUB,Right,Right
35604,SP,Vladimir Gutierrez,Cincinnati,Major League,25,CUB,Right,Right
30348,1B,Ronald Guzman,Texas,Major League,26,DOM,Left,Left
33277,SS,Garrett Hampson,Colorado,Major League,26,USA,Right,Right
30713,RF,Mitch Haniger,Seattle,Major League,30,USA,Right,Right
18597,SP,J.A. Happ,St. Louis,Major League,38,USA,Left,Left
22431,RP,Will Harris,Washington,Major League,36,USA,Right,Right
22363,2B,Josh Harrison,Oakland,Major League,33,USA,Right,Right
32004,RP,Hunter Harvey,Baltimore,Major League,26,USA,Right,Right
29133,SP,Matt Harvey,Baltimore,Major League,32,USA,Right,Right
35601,RF,Yadiel Hernandez,Washington,Major League,33,CUB,Left,Right
24310,RF,Jason Heyward,Chicago,Major League,31,USA,Left,Left
21224,CF,Aaron Hicks,New York,Major League,31,USA,Switch,Right
18127,SP,Rich Hill,New York,Major League,41,USA,Left,Left
35739,LF,Sam Hilliard,Colorado,Major League,27,USA,Left,Left
19579,1B,Keston Hiura,Milwaukee,Major League,24,USA,Right,Right
10,SP,Jeff Hoffman,Cincinnati,Major League,28,USA,Right,Right
28007,RF,Brock Holt,Texas,Major League,32,USA,Left,Right
20678,SP,Tanner Houck,Boston,Major League,24,USA,Right,Right
29229,SP,Adrian Houser,Milwaukee,Major League,28,USA,Right,Right
31833,RP,James Hoyt,Los Angeles,Major League,34,USA,Right,Right
33362,SP,Dakota Hudson,St. Louis,Major League,26,USA,Right,Right
20977,RP,Cole Irvin,Oakland,Major League,27,USA,Left,Left
22026,RF,Kyle Isbel,Kansas City,Major League,24,USA,Left,Right
1033,C,Alex Jackson,Miami,Major League,25,USA,Right,Right
33092,SP,Griffin Jax,Minnesota,Major League,26,USA,Right,Right
31849,CF,JaCoby Jones,Detroit,Major League,28,USA,Right,Right
20952,RP,James Kaprielian,Oakland,Major League,27,USA,Right,Right
1660,SP,Mitch Keller,Pittsburgh,Major League,25,USA,Right,Right
30661,C,Carson Kelly,Arizona,Major League,26,USA,Right,Right
31925,2B,Tony Kemp,Oakland,Major League,29,USA,Left,Right
18650,RP,Ian Kennedy,Philadelphia,Major League,36,USA,Right,Right
28223,RF,Max Kepler,Minnesota,Major League,28,GER,Left,Left
24716,SP,Dallas Keuchel,Chicago,Major League,33,USA,Left,Left
28779,CF,Kevin Kiermaier,Tampa Bay,Major League,30,USA,Left,Right
35576,SS,Ha-seong Kim,San Diego,Major League,25,KOR,Right,Right
32944,SS,Isiah Kiner-Falefa,Texas,Major League,26,USA,Right,Right
25740,RP,Michael King,New York,Major League,25,USA,Right,Right
33140,RP,Tyler Kinley,Colorado,Major League,30,USA,Right,Right
32050,C,Andrew Knapp,Philadelphia,Major League,29,USA,Switch,Right
28762,RP,Adam Kolarek,Oakland,Major League,32,USA,Left,Left
1021,SP,Michael Kopech,Chicago,Major League,24,USA,Right,Right
20368,SP,Dean Kremer,Baltimore,Major League,25,USA,Right,Right
20271,RP,Joel Kuhnel,Cincinnati,Major League,26,USA,Right,Right
29420,2B,Tommy La Stella,San Francisco,Major League,32,USA,Left,Right
30970,3B,Jake Lamb,Toronto,Major League,30,USA,Left,Right
25629,SP,Peter Lambert,Colorado,Major League,23,USA,Right,Right
33152,RP,Eric Lauer,Milwaukee,Major League,25,USA,Right,Left
18911,3B,Evan Longoria,San Francisco,Major League,35,USA,Right,Right
29846,SP,Jorge Lopez,Baltimore,Major League,28,PUR,Right,Right
31928,SP,Michael Lorenzen,Cincinnati,Major League,29,USA,Right,Right
28051,RP,Aaron Loup,New York,Major League,33,USA,Left,Left
18790,2B,Jed Lowrie,Oakland,Major League,36,USA,Switch,Right
24009,C,Jonathan Lucroy,Washington,Major League,34,USA,Right,Right
158,LF,Jordan Luplow,Tampa Bay,Major League,27,USA,Right,Right
22311,SP,Jordan Lyles,Texas,Major League,30,USA,Right,Right
32136,RF,Trey Mancini,Baltimore,Major League,29,USA,Right,Right
30277,RP,Dillon Maples,Chicago,Major League,28,USA,Right,Right
28211,CF,Jake Marisnick,San Diego,Major League,30,USA,Right,Right
35852,RP,Brett Martin,Texas,Major League,25,USA,Left,Left
29157,RP,Carlos Martinez,St. Louis,Major League,29,DOM,Right,Right
32200,SS,Jorge Mateo,Baltimore,Major League,25,DOM,Right,Right
32756,SS,Jack Mayfield,Los Angeles,Major League,30,USA,Right,Right
20842,LF,Andrew McCutchen,Philadelphia,Major League,34,USA,Right,Right
31899,C,Reese McGuire,Toronto,Major League,26,USA,Left,Right
27679,SP,Collin McHugh,Tampa Bay,Major League,33,USA,Right,Right
1577,SP,Brendan McKay,Tampa Bay,Major League,25,USA,Left,Left
23405,SP,Triston McKenzie,Cleveland,Major League,23,USA,Right,Right
32007,2B,Ryan McMahon,Colorado,Major League,26,USA,Left,Right
233,SP,John Means,Baltimore,Major League,27,USA,Left,Left
32279,C,Francisco Mejia,Tampa Bay,Major League,25,DOM,Switch,Right
21579,SS,Jordy Mercer,Washington,Major League,34,USA,Right,Right
19528,CF,Jake Meyers,Houston,Major League,24,USA,Right,Left
28152,SP,Miles Mikolas,St. Louis,Major League,32,USA,Right,Right
26753,SP,Wade Miley,Cincinnati,Major League,34,USA,Left,Left
27242,RP,Tommy Milone,Cincinnati,Major League,34,USA,Left,Left
24816,SP,Mike Minor,Kansas City,Major League,33,USA,Right,Left
17902,C,Yadier Molina,St. Louis,Major League,38,PUR,Right,Right
34650,3B,Yoan Moncada,Chicago,Major League,25,CUB,Switch,Right
29343,RP,Rafael Montero,Houston,Major League,30,DOM,Right,Right
36544,2B,Dylan Moore,Seattle,Major League,28,USA,Right,Right
31867,1B,Colin Moran,Pittsburgh,Major League,28,USA,Left,Right
36573,SP,Adrian Morejon,San Diego,Major League,22,CUB,Left,Left
31103,SP,Jose Mujica,Colorado,Major League,24,VEN,Right,Right
28213,RF,Wil Myers,San Diego,Major League,30,USA,Right,Right
31126,C,Tomas Nido,New York,Major League,26,USA,Right,Right
30236,RP,Daniel Norris,Milwaukee,Major League,27,USA,Left,Left
18816,RP,Darren O'Day,New York,Major League,38,USA,Right,Right
21412,SP,Bailey Ober,Minnesota,Major League,25,USA,Right,Right
31626,RP,Scott Oberg,Colorado,Major League,31,USA,Right,Right
23747,SP,Jake Odorizzi,Houston,Major League,31,USA,Right,Right
36125,RF,Edward Olivares,Kansas City,Major League,25,VEN,Right,Right
21637,CF,Rafael Ortega,Chicago,Major League,29,VEN,Left,Right
23049,CL,Adam Ottavino,Boston,Major League,35,USA,Switch,Right
24644,CF,Chris Owings,Colorado,Major League,29,USA,Right,Right
23712,RP,Blake Parker,Cleveland,Major League,35,USA,Right,Right
32061,RP,Joel Payamps,Kansas City,Major League,26,DOM,Right,Right
28657,RF,Joc Pederson,Atlanta,Major League,28,USA,Left,Left
30458,RP,Felix Pena,Los Angeles,Major League,31,DOM,Right,Right
23251,RP,Wily Peralta,Detroit,Major League,31,DOM,Right,Right
27800,SP,Martin Perez,Boston,Major League,30,VEN,Left,Left
17653,RP,Oliver Perez,Cleveland,Major League,39,MEX,Left,Left
27589,C,Roberto Perez,Cleveland,Major League,32,PUR,Right,Right
30027,2B,Jace Peterson,Milwaukee,Major League,30,USA,Left,Right
26788,RP,David Phelps,Toronto,Major League,34,USA,Right,Right
30639,RF,Stephen Piscotty,Oakland,Major League,30,USA,Right,Right
30877,C,Kevin Plawecki,Boston,Major League,30,USA,Right,Right
25842,SP,Zach Plesac,Cleveland,Major League,26,USA,Right,Right
28531,RF,Gregory Polanco,Toronto,Major League,29,DOM,Left,Left
21007,C,Buster Posey,San Francisco,Major League,34,USA,Right,Right
18902,SP,David Price,Los Angeles,Major League,35,USA,Left,Left
28215,LF,Jurickson Profar,San Diego,Major League,28,CUR,Switch,Right
33026,RP,Austin Pruitt,Miami,Major League,31,USA,Right,Right
32079,SP,Cal Quantrill,Cleveland,Major League,26,CAN,Left,Right
28937,SP,Jose Quintana,San Francisco,Major League,32,COL,Right,Left
36778,RP,Tanner Rainey,Washington,Major League,28,USA,Right,Right
28193,RP,Brooks Raley,Houston,Major League,32,USA,Left,Left
33010,RP,Roel Ramirez,St. Louis,Major League,25,USA,Right,Right
31922,RF,Hunter Renfroe,Boston,Major League,29,USA,Right,Right
32479,RP,Alex Reyes,St. Louis,Major League,26,USA,Right,Right
32074,RF,Franmil Reyes,Cleveland,Major League,25,DOM,Right,Right
32066,RF,Victor Reyes,Detroit,Major League,26,VEN,Switch,Right
1566,SP,Garrett Richards,Boston,Major League,32,USA,Right,Right
645,RP,Trevor Richards,Toronto,Major League,27,USA,Right,Right
35585,CF,Victor Robles,Washington,Major League,23,DOM,Right,Right
36913,2B,Jose Rojas,Los Angeles,Major League,28,USA,Left,Right
1591,RP,JoJo Romero,Philadelphia,Major League,24,USA,Left,Left
36930,1B,Brent Rooker,Minnesota,Major League,26,USA,Right,Right
32425,2B,Amed Rosario,Cleveland,Major League,25,DOM,Right,Right
28171,CL,Trevor Rosenthal,Oakland,Major League,30,USA,Right,Right
29796,SP,Joe Ross,Washington,Major League,27,USA,Right,Right
28003,1B,Darin Ruf,San Francisco,Major League,34,USA,Right,Right
33714,RP,Jose Ruiz,Chicago,Major League,26,VEN,Right,Right
970,SP,Sixto Sanchez,Miami,Major League,22,DOM,Right,Right
22581,1B,Carlos Santana,Kansas City,Major League,34,DOM,Switch,Right
20893,RP,Josh Sborz,Texas,Major League,27,USA,Right,Right
29185,1B,Jonathan Schoop,Detroit,Major League,29,CUR,Right,Right
1884,RP,John Schreiber,Boston,Major League,27,USA,Right,Right
12,LF,Kyle Schwarber,Boston,Major League,28,USA,Left,Right
27545,2B,Jean Segura,Philadelphia,Major League,31,DOM,Right,Right
32070,RP,Antonio Senzatela,Colorado,Major League,26,VEN,Right,Right
26178,RP,Bryan Shaw,Cleveland,Major League,33,USA,Switch,Right
29519,1B,Travis Shaw,Boston,Major League,30,USA,Left,Right
31901,RP,Jordan Sheffield,Colorado,Major League,25,USA,Right,Right
1009,SP,Justus Sheffield,Seattle,Major League,24,USA,Left,Left
32482,CF,Magneuris Sierra,Miami,Major League,24,DOM,Left,Left
28398,SS,Andrelton Simmons,Minnesota,Major League,31,CUR,Right,Right
30631,RP,Lucas Sims,Cincinnati,Major League,26,USA,Right,Right
25311,SP,Tarik Skubal,Detroit,Major League,24,USA,Left,Left
227,CF,Austin Slater,San Francisco,Major League,28,USA,Right,Right
33669,RP,Aaron Slegers,Tampa Bay,Major League,28,USA,Right,Right
18509,RP,Joe Smith,Seattle,Major League,37,USA,Right,Right
20198,1B,Pavin Smith,Arizona,Major League,25,USA,Left,Left
21316,RP,Riley Smith,Arizona,Major League,26,USA,Right,Right
29154,RP,Drew Smyly,Atlanta,Major League,31,USA,Left,Left
18513,RP,Joakim Soria,Toronto,Major League,36,MEX,Right,Right
33992,RP,Gregory Soto,Detroit,Major League,26,DOM,Left,Left
31148,C,Jacob Stallings,Pittsburgh,Major League,31,USA,Right,Right
23535,RP,Cody Stashak,Minnesota,Major League,26,USA,Right,Right
20497,RP,Trevor Stephan,Cleveland,Major League,25,USA,Right,Right
24517,C,Tyler Stephenson,Cincinnati,Major League,24,USA,Right,Right
22356,LF,Andrew Stevenson,Washington,Major League,26,USA,Left,Left
20877,RF,DJ Stewart,Baltimore,Major League,27,USA,Left,Right
30707,RP,Chris Stratton,Pittsburgh,Major League,30,USA,Right,Right
36805,CF,Myles Straw,Cleveland,Major League,26,USA,Right,Right
27847,RP,Hunter Strickland,Milwaukee,Major League,32,USA,Right,Right
30864,SP,Ross Stripling,Toronto,Major League,31,USA,Right,Right
33269,RP,Cole Sulser,Baltimore,Major League,31,USA,Right,Right
36060,RP,Erik Swanson,Seattle,Major League,27,USA,Right,Right
32062,LF,Raimel Tapia,Colorado,Major League,27,DOM,Left,Left
28233,CF,Michael A. Taylor,Kansas City,Major League,30,USA,Right,Right
28050,RP,Ryan Tepera,Chicago,Major League,33,USA,Right,Right
30300,RP,Caleb Thielbar,Minnesota,Major League,34,USA,Right,Left
23594,RP,Ryan Thompson,Tampa Bay,Major League,28,USA,Right,Right
24841,RF,Trayce Thompson,Chicago,Major League,30,USA,Right,Right
116,SP,Zach Thompson,Miami,Major League,27,USA,Right,Right
22841,SP,Josh Tomlin,Atlanta,Major League,36,USA,Right,Right
32199,RP,Justin Topa,Milwaukee,Major League,30,USA,Right,Right
31101,C,Luis Torrens,Seattle,Major League,24,VEN,Right,Right
32864,RP,Lou Trivino,Oakland,Major League,29,USA,Right,Right
34286,RF,Yoshi Tsutsugo,Pittsburgh,Major League,29,JPN,Left,Right
647,SP,Spencer Turnbull,Detroit,Major League,28,USA,Right,Right
6289,SP,Jose Urquidy,Houston,Major League,25,MEX,Right,Right
24863,3B,Gio Urshela,New York,Major League,29,COL,Right,Right
34475,RP,Cesar Valdez,Baltimore,Major League,36,DOM,Right,Right
32044,3B,Josh VanMeter,Arizona,Major League,26,USA,Left,Right
28463,SS,Ildemaro Vargas,Arizona,Major League,29,VEN,Switch,Right
37181,C,Daulton Varsho,Arizona,Major League,24,USA,Left,Right
28008,2B,Jonathan Villar,New York,Major League,29,DOM,Switch,Right
30274,1B,Daniel Vogelbach,Milwaukee,Major League,28,USA,Left,Right
33240,1B,Luke Voit,New York,Major League,30,USA,Right,Right
31879,RP,Austin Voth,Washington,Major League,28,USA,Right,Right
968,1B,Jared Walsh,Los Angeles,Major League,27,USA,Left,Left
1459,RP,Art Warren,Cincinnati,Major League,28,USA,Right,Right
22734,RP,Tony Watson,San Francisco,Major League,35,USA,Left,Left
20384,RP,Tyler Wells,Baltimore,Major League,26,USA,Right,Right
31113,SS,Joey Wendle,Tampa Bay,Major League,30,USA,Left,Right
32210,RP,Taylor Widener,Arizona,Major League,26,USA,Left,Right
32543,RP,Brad Wieck,Chicago,Major League,29,USA,Left,Left
31931,RF,Justin Williams,St. Louis,Major League,25,USA,Left,Right
25074,RP,Bryse Wilson,Pittsburgh,Major League,23,USA,Right,Right
30856,3B,Patrick Wisdom,Chicago,Major League,29,USA,Right,Right
30164,RP,Matt Wisler,Tampa Bay,Major League,28,USA,Right,Right
33210,SP,Ryan Yarbrough,Tampa Bay,Major League,29,USA,Right,Left
33538,RP,Eric Yardley,Milwaukee,Major League,30,USA,Right,Right
78,RF,Bradley Zimmer,Cleveland,Major League,28,USA,Left,Right
30647,RP,Kyle Zimmer,Kansas City,Major League,29,USA,Right,Right
37330,RP,Bruce Zimmermann,Baltimore,Major League,26,USA,Left,Left
26357,C,Jorge Alfaro,Miami,Major League,27,COL,Right,Right
30710,CF,Anthony Alford,Pittsburgh,Major League,26,USA,Right,Right
26369,SP,Chase Anderson,Texas,Major League,33,USA,Right,Right
30241,RP,Shawn Armstrong,Tampa Bay,Major League,30,USA,Right,Right
36574,SP,Michel Baez,San Diego,Major League,25,CUB,Right,Right
127,RP,Wes Benjamin,Texas,Major League,27,USA,Right,Left
30123,CF,Jon Berti,Miami,Major League,31,USA,Right,Right
38092,SP,Jose Brito,Minnesota,Major League,21,DOM,Right,Right
18625,2B,Asdrubal Cabrera,Cincinnati,Major League,35,VEN,Switch,Right
17729,1B,Miguel Cabrera,Detroit,Major League,37,VEN,Right,Right
32171,LF,Willie Calhoun,Texas,Major League,26,USA,Left,Right
29716,C,Curt Casali,San Francisco,Major League,32,USA,Right,Right
31779,2B,Harold Castro,Detroit,Major League,27,VEN,Left,Right
21390,C,Jason Castro,Houston,Major League,33,USA,Left,Right
24070,RP,Jhoulys Chacin,Colorado,Major League,33,VEN,Right,Right
30261,RP,Andrew Chafin,Oakland,Major League,30,USA,Right,Left
21232,RP,Tyler Chatwood,San Francisco,Major League,31,USA,Right,Right
21929,C,Robinson Chirinos,Chicago,Major League,36,VEN,Right,Right
34944,SP,Yonny Chirinos,Tampa Bay,Major League,27,VEN,Right,Right
1152,2B,Jazz Chisholm Jr.,Miami,Major League,23,BAH,Left,Right
451,RP,Sam Clay,Washington,Major League,27,USA,Left,Left
18558,RP,Tyler Clippard,Arizona,Major League,36,USA,Right,Right
31967,C,Zack Collins,Chicago,Major League,26,USA,Left,Right
28253,3B,Christian Colon,Toronto,Major League,31,PUR,Right,Right
33715,LF,Franchy Cordero,Boston,Major League,26,DOM,Left,Right
32185,RP,Stefan Crichton,Arizona,Major League,29,USA,Right,Right
32174,SP,Wil Crowe,Pittsburgh,Major League,26,USA,Right,Right
22111,RP,Wade Davis,Kansas City,Major League,35,USA,Right,Right
18984,CF,Ronnie Dawson,Houston,Major League,25,USA,Left,Right
25861,RP,Ethan DeCaster,Detroit,Major League,26,USA,Right,Right
30205,RP,Anthony DeSclafani,San Francisco,Major League,30,USA,Right,Right
30180,RP,Chris Devenski,Arizona,Major League,30,USA,Right,Right
28526,C,Elias Diaz,Colorado,Major League,30,VEN,Right,Right
30304,RP,Jairo Diaz,Colorado,Major League,29,VEN,Right,Right
28731,LF,Corey Dickerson,Toronto,Major League,31,USA,Left,Right
21254,SP,Randy Dobnak,Minnesota,Major League,26,USA,Right,Right
26635,RP,Danny Duffy,Los Angeles,Major League,32,USA,Left,Left
31927,CF,Phillip Ervin,Atlanta,Major League,28,USA,Right,Right
22834,SP,Paolo Espino,Washington,Major League,34,PAN,Right,Right
33662,RP,Carlos Estevez,Colorado,Major League,28,DOM,Right,Right
27756,RP,Jeurys Familia,New York,Major League,31,DOM,Right,Right
20132,RP,Bernardo Flores Jr.,Colorado,Major League,25,USA,Left,Left
28822,SP,Mike Foltynewicz,Texas,Major League,29,USA,Right,Right
23385,3B,Todd Frazier,Pittsburgh,Major League,35,USA,Right,Right
30157,C,Cam Gallagher,Kansas City,Major League,28,USA,Right,Right
27034,RP,Luis Garcia,St. Louis,Major League,34,DOM,Right,Right
28572,2B,Niko Goodrum,Detroit,Major League,29,USA,Switch,Right
27723,3B,Didi Gregorius,Philadelphia,Major League,31,NED,Left,Right
34530,RP,Junior Guerra,Los Angeles,Major League,36,VEN,Right,Right
34911,3B,Kelvin Gutierrez,Baltimore,Major League,26,DOM,Right,Right
30209,C,Eric Haase,Detroit,Major League,28,USA,Right,Right
29577,SS,Jake Hager,Arizona,Major League,28,USA,Right,Right
28532,RP,Jesse Hahn,Kansas City,Major League,31,USA,Right,Right
24902,CF,Billy Hamilton,Chicago,Major League,30,USA,Switch,Right
20887,LF,Ian Happ,Chicago,Major League,26,USA,Switch,Right
32406,C,Jonah Heim,Texas,Major League,25,USA,Switch,Right
28060,2B,Cesar Hernandez,Chicago,Major League,30,VEN,Switch,Right
27624,C,Kyle Higashioka,New York,Major League,30,USA,Right,Right
1044,CF,Derek Hill,Detroit,Major League,25,USA,Right,Right
23650,RP,Derek Holland,Detroit,Major League,34,USA,Switch,Left
23350,RP,Jay Jackson,San Francisco,Major League,33,USA,Right,Right
30643,CF,Travis Jankowski,Philadelphia,Major League,29,USA,Left,Right
27625,2B,Corban Joseph,Washington,Major League,32,USA,Left,Right
30200,SP,Jakob Junis,Kansas City,Major League,28,USA,Right,Right
36663,C,Andrew Knizner,St. Louis,Major League,26,USA,Right,Right
32141,SP,Chad Kuhl,Pittsburgh,Major League,28,USA,Right,Right
32285,2B,Domingo Leyba,Texas,Major League,25,DOM,Switch,Right
20095,2B,Nicky Lopez,Kansas City,Major League,26,USA,Left,Right
20996,C,Martin Maldonado,Houston,Major League,34,PUR,Right,Right
33361,1B,Ryan McBroom,Kansas City,Major League,28,USA,Right,Left
31870,LF,Billy McKinney,Los Angeles,Major League,26,USA,Left,Left
30069,2B,Brad Miller,Philadelphia,Major League,31,USA,Left,Right
32930,LF,Ian Miller,Chicago,Major League,29,USA,Left,Right
31682,SP,Alec Mills,Chicago,Major League,29,USA,Right,Right
29933,RP,Adam Morgan,Chicago,Major League,31,USA,Left,Left
23026,1B,Logan Morrison,Cincinnati,Major League,33,USA,Left,Left
41202,SP,Matt Mullenbach,Minnesota,Major League,24,USA,Right,Right
21955,2B,Kevin Newman,Pittsburgh,Major League,27,USA,Right,Right
32974,C,Jacob Nottingham,Seattle,Major League,26,USA,Right,Right
37006,SP,Dedniel Nunez,New York,Major League,24,DOM,Right,Right
29156,1B,Renato Nunez,Milwaukee,Major League,27,VEN,Right,Right
32075,LF,Tyler O'Neill,St. Louis,Major League,25,CAN,Right,Right
29800,2B,Joe Panik,Miami,Major League,30,USA,Left,Right
32949,LF,David Peralta,Arizona,Major League,33,VEN,Left,Left
18376,RP,Yusmeiro Petit,Oakland,Major League,36,VEN,Right,Right
21126,C,Manny Pina,Milwaukee,Major League,33,VEN,Right,Right
31882,SP,Adam Plutko,Baltimore,Major League,29,USA,Right,Right
13310,1B,Albert Pujols,Los Angeles,Major League,41,DOM,Right,Right
29931,CF,Roman Quinn,Philadelphia,Major League,27,USA,Switch,Right
30696,LF,Harold Ramirez,Cleveland,Major League,26,COL,Right,Right
23226,C,Wilson Ramos,Cleveland,Major League,33,VEN,Right,Right
20,RP,Jake Reed,New York,Major League,28,USA,Right,Right
20936,1B,Edwin Rios,Los Angeles,Major League,26,PUR,Left,Right
36274,C,Jamie Ritchie,Arizona,Major League,27,USA,Right,Right
28990,RP,Joely Rodriguez,New York,Major League,29,DOM,Left,Left
26625,RP,Chaz Roe,Tampa Bay,Major League,34,USA,Right,Right
25398,C,Jake Rogers,Detroit,Major League,25,USA,Right,Right
37441,2B,Josh Rojas,Arizona,Major League,26,USA,Left,Right
28853,RP,Ben Rowen,Los Angeles,Major League,32,USA,Right,Right
28524,RP,Casey Sadler,Seattle,Major League,30,USA,Right,Right
20988,2B,Max Schrock,Cincinnati,Major League,26,USA,Left,Right
32929,1B,Frank Schwindel,Chicago,Major League,28,USA,Right,Right
36894,SP,Sterling Sharp,Washington,Major League,25,USA,Right,Right
30018,RP,Ryan Sherriff,Tampa Bay,Major League,30,USA,Left,Left
32157,C,Chance Sisco,New York,Major League,26,USA,Left,Right
1080,RP,Devin Smeltzer,Minnesota,Major League,25,USA,Right,Left
32015,SP,Caleb Smith,Arizona,Major League,29,USA,Right,Left
25977,2B,Nick Solak,Texas,Major League,26,USA,Right,Right
20537,SP,Jose Soriano,Los Angeles,Major League,22,DOM,Right,Right
31059,2B,Edmundo Sosa,St. Louis,Major League,25,PAN,Right,Right
29798,RP,Robert Stephenson,Colorado,Major League,28,USA,Right,Right
31904,SP,Kohl Stewart,Chicago,Major League,26,USA,Right,Right
32879,RP,Wander Suero,Washington,Major League,29,DOM,Right,Right
18581,C,Kurt Suzuki,Los Angeles,Major League,37,USA,Right,Right
21114,RP,Dillon Tate,Baltimore,Major League,26,USA,Right,Right
26553,SP,Julio Teheran,Detroit,Major League,30,COL,Right,Right
29066,2B,Ronald Torreyes,Philadelphia,Major League,28,VEN,Right,Right
35663,C,Jose Trevino,Texas,Major League,28,USA,Right,Right
18618,LF,Justin Upton,Los Angeles,Major League,33,USA,Right,Right
30341,SP,Jose Urena,Detroit,Major League,29,DOM,Right,Right
32166,2B,Pat Valaika,Baltimore,Major League,28,USA,Right,Right
32880,RP,Phillips Valdez,Boston,Major League,29,DOM,Right,Right
24236,C,Stephen Vogt,Atlanta,Major League,36,USA,Left,Right
32941,2B,Tyler Wade,New York,Major League,26,USA,Left,Right
32237,RP,Tyler Webb,St. Louis,Major League,30,USA,Left,Left
31273,RP,J.B. Wendelken,Arizona,Major League,28,USA,Right,Right
32349,3B,Eli White,Texas,Major League,26,USA,Right,Right
30906,RP,Rowan Wick,Chicago,Major League,28,CAN,Left,Right
33042,C,Austin Wynns,Baltimore,Major League,30,USA,Right,Right
20944,RP,Alex Young,Cleveland,Major League,27,USA,Left,Left
36925,2B,Andrew Young,Arizona,Major League,26,USA,Right,Right
27472,2B,Ehire Adrianza,Atlanta,Major League,31,VEN,Switch,Right
30329,2B,Hanser Alberto,Kansas City,Major League,28,DOM,Right,Right
27197,C,Alex Avila,Washington,Major League,34,USA,Left,Right
31097,2B,Franklin Barreto,Los Angeles,Major League,25,VEN,Right,Right
26098,RP,Ben Bowden,Colorado,Major League,26,USA,Left,Left
25647,RP,Zack Burdi,Baltimore,Major League,26,USA,Right,Right
18747,3B,Alcides Escobar,Washington,Major League,34,VEN,Right,Right
31877,RP,Kyle Finnegan,Washington,Major League,29,USA,Right,Right
20881,RP,Carson Fulmer,Cincinnati,Major League,27,USA,Right,Right
27823,2B,Leury Garcia,Chicago,Major League,30,DOM,Switch,Right
24538,2B,Ryan Goins,Atlanta,Major League,33,USA,Left,Right
22060,2B,Sam Haggerty,Seattle,Major League,26,USA,Switch,Right
26652,LF,Juan Lagares,Los Angeles,Major League,32,DOM,Right,Right
18396,RP,Jon Lester,St. Louis,Major League,37,USA,Left,Left
32123,C,Dom Nunez,Colorado,Major League,26,USA,Left,Right
30328,2B,Rougned Odor,New York,Major League,27,VEN,Left,Right
35743,RP,Connor Overton,Pittsburgh,Major League,27,USA,Right,Right
33478,RP,Joe Palumbo,Texas,Major League,26,USA,Left,Left
33023,RP,Thomas Pannone,Los Angeles,Major League,26,USA,Left,Left
38390,SP,Carlos Perez,Colorado,Major League,19,VEN,Right,Right
30262,C,Michael Perez,Pittsburgh,Major League,28,PUR,Left,Right
21975,SP,Ramon Pineda,Minnesota,Major League,23,DOM,Right,Right
24192,C,Austin Romine,Chicago,Major League,32,USA,Right,Right
28107,2B,Adrian Sanchez,Washington,Major League,30,VEN,Right,Right
28030,1B,Tomas Telis,Minnesota,Major League,29,VEN,Switch,Right
30650,RP,Duane Underwood Jr.,Pittsburgh,Major League,26,USA,Right,Right
18576,RP,Homer Bailey,Oakland,Major League,34,USA,Right,Right
270,RP,Sam Howard,Pittsburgh,Major League,28,USA,Right,Left
22365,C,Jose Lobaton,Chicago,Major League,36,VEN,Switch,Right
30628,RP,Brian Johnson,Los Angeles,Major League,30,USA,Left,Left
"Thursday, April 7th , 2022 - OOTP Baseball 22.10 Build 79",,,,,,,,